project,title,startedAt,publishedAt,release_duration,created_pull_requests,merged_pull_requests,released_pull_requests,sum_submitted_pr_churn,practice
serverless/serverless,sf-core@4.32.0,2026-01-27 21:03:38,2026-02-12 18:27:01,15,0,0,0,,CI
serverless/serverless,sf-core@4.31.2,2026-01-27 17:44:25,2026-01-27 21:03:37,0,0,0,0,,CI
serverless/serverless,sf-core@4.31.1,2026-01-15 16:21:14,2026-01-27 17:44:24,12,0,0,0,,CI
serverless/serverless,sf-core@4.31.0,2026-01-08 20:11:06,2026-01-15 16:21:13,6,0,0,0,,CI
serverless/serverless,sf-core@4.30.0,2026-01-02 23:49:48,2026-01-08 20:11:05,5,0,0,0,,CI
serverless/serverless,sf-core@4.29.4,2025-12-29 23:44:39,2026-01-02 23:49:47,4,0,0,0,,CI
serverless/serverless,sf-core@4.29.3,2025-12-17 18:49:19,2025-12-29 23:44:38,12,0,0,0,,CI
serverless/serverless,v4.29.0,2025-12-11 20:12:58,2025-12-17 18:49:18,5,0,0,0,,CI
serverless/serverless,v4.28.0,2025-12-08 15:35:34,2025-12-11 20:12:57,3,0,0,0,,CI
serverless/serverless,v4.27.1,2025-12-03 21:05:00,2025-12-08 15:35:33,4,0,0,0,,CI
serverless/serverless,v4.27.0,2025-12-02 00:49:10,2025-12-03 21:04:59,1,0,0,0,,CI
serverless/serverless,v4.26.1,2025-12-01 21:28:54,2025-12-02 00:49:09,0,0,0,0,,CI
serverless/serverless,v4.26.0,2025-11-21 16:25:52,2025-12-01 21:28:53,10,0,0,0,,CI
serverless/serverless,v4.25.0,2025-11-20 16:45:53,2025-11-21 16:25:51,0,0,0,0,,CI
serverless/serverless,v4.24.0,2025-11-05 17:40:55,2025-11-20 16:45:52,14,0,0,0,,CI
serverless/serverless,v4.23.0,2025-10-22 18:14:48,2025-11-05 17:40:54,13,0,0,0,,CI
serverless/serverless,v4.22.0,2025-10-16 13:49:20,2025-10-22 18:14:47,6,0,0,0,,CI
serverless/serverless,v4.21.1,2025-10-08 22:39:41,2025-10-16 13:49:19,7,0,0,0,,CI
serverless/serverless,v4.21.0,2025-10-03 12:38:56,2025-10-08 22:39:40,5,0,0,0,,CI
serverless/serverless,v4.20.2,2025-10-02 22:25:42,2025-10-03 12:38:55,0,0,0,0,,CI
serverless/serverless,v4.20.1,2025-10-02 20:56:45,2025-10-02 22:25:41,0,0,0,0,,CI
serverless/serverless,v4.20.0,2025-09-16 15:44:05,2025-10-02 20:56:44,16,0,0,0,,CI
serverless/serverless,v4.19.1,2025-09-15 22:14:53,2025-09-16 15:44:04,0,0,0,0,,CI
serverless/serverless,v4.19.0,2025-08-26 18:57:59,2025-09-15 22:14:52,20,0,0,0,,CI
serverless/serverless,v4.18.2,2025-08-21 21:50:46,2025-08-26 18:57:58,4,0,0,0,,CI
serverless/serverless,v4.18.1,2025-08-06 22:29:09,2025-08-21 21:50:45,14,0,0,0,,CI
serverless/serverless,v4.18.0,2025-07-24 16:08:07,2025-08-06 22:29:08,13,0,0,0,,CI
serverless/serverless,v4.17.2,2025-06-17 17:49:48,2025-07-24 16:08:06,36,0,0,0,,CI
serverless/serverless,v4.17.1,2025-06-05 18:22:28,2025-06-17 17:49:47,11,0,0,0,,CI
serverless/serverless,v4.17.0,2025-06-04 03:19:31,2025-06-05 18:22:27,1,0,0,0,,CI
serverless/serverless,v4.16.1,2025-05-28 02:58:28,2025-06-04 03:19:30,7,0,0,0,,CI
serverless/serverless,v4.15.1,2025-05-27 21:37:05,2025-05-28 02:58:27,0,0,0,0,,CI
serverless/serverless,v4.15.0,2025-05-20 22:18:50,2025-05-27 21:37:04,6,0,0,0,,CI
serverless/serverless,v4.14.4,2025-05-06 18:43:41,2025-05-20 22:18:49,14,0,0,0,,CI
serverless/serverless,v4.14.3,2025-05-01 21:30:29,2025-05-06 18:43:40,4,0,0,0,,CI
serverless/serverless,v4.14.2,2025-05-01 21:16:07,2025-05-01 21:30:28,0,0,0,0,,CI
serverless/serverless,v4.14.1,2025-04-18 16:27:50,2025-05-01 21:16:06,13,0,0,0,,CI
serverless/serverless,v4.14.0,2025-04-15 18:37:32,2025-04-18 16:27:49,2,0,0,0,,CI
serverless/serverless,v4.13.0,2025-04-07 21:36:04,2025-04-15 18:37:31,7,0,0,0,,CI
serverless/serverless,v4.12.0,2025-04-03 20:08:26,2025-04-07 21:36:03,4,0,0,0,,CI
serverless/serverless,v4.11.1,2025-04-03 18:49:49,2025-04-03 20:08:25,0,0,0,0,,CI
serverless/serverless,v4.11.0,2025-04-01 18:01:25,2025-04-03 18:49:48,2,0,0,0,,CI
serverless/serverless,v4.10.1,2025-04-01 17:29:39,2025-04-01 18:01:24,0,0,0,0,,CI
serverless/serverless,v4.10.0,2025-03-24 19:09:16,2025-04-01 17:29:38,7,0,0,0,,CI
serverless/serverless,v4.9.1,2025-03-24 18:29:08,2025-03-24 19:09:15,0,0,0,0,,CI
serverless/serverless,v4.9.0,2025-03-24 18:25:04,2025-03-24 18:29:07,0,0,0,0,,CI
serverless/serverless,v4.8.0,2025-02-24 21:40:26,2025-03-24 18:25:03,27,0,0,0,,CI
serverless/serverless,v4.7.0,2025-02-17 18:02:14,2025-02-24 21:40:25,7,0,0,0,,CI
serverless/serverless,v4.6.3,2025-02-06 17:30:37,2025-02-17 18:02:13,11,0,0,0,,CI
serverless/serverless,v4.6.2,2025-02-04 20:51:21,2025-02-06 17:30:36,1,0,0,0,,CI
serverless/serverless,v4.6.1,2025-02-03 21:54:56,2025-02-04 20:51:20,0,0,0,0,,CI
serverless/serverless,4.6.0,2025-02-03 15:55:09,2025-02-03 21:54:55,0,0,0,0,,CI
serverless/serverless,v4.5.4,2025-01-31 20:52:37,2025-02-03 15:55:08,2,0,0,0,,CI
serverless/serverless,v4.5.3,2025-01-30 18:38:19,2025-01-31 20:52:36,1,0,0,0,,CI
serverless/serverless,v4.5.2,2025-01-29 19:53:00,2025-01-30 18:38:18,0,0,0,0,,CI
serverless/serverless,v4.5.1,2025-01-24 07:00:29,2025-01-29 19:52:59,5,0,0,0,,CI
serverless/serverless,v4.5.0,2025-01-15 21:30:34,2025-01-24 07:00:28,8,0,0,0,,CI
serverless/serverless,v4.4.19,2024-12-17 18:21:08,2025-01-15 21:30:33,29,0,0,0,,CI
serverless/serverless,v3.40.0,2024-12-17 18:03:37,2024-12-17 18:21:07,0,0,0,0,,CI
serverless/serverless,v4.4.17,2024-12-11 17:45:41,2024-12-17 18:03:36,6,0,0,0,,CI
serverless/serverless,v4.4.16,2024-12-09 20:53:30,2024-12-11 17:45:40,1,0,0,0,,CI
serverless/serverless,v4.4.15,2024-12-03 17:49:56,2024-12-09 20:53:29,6,0,0,0,,CI
serverless/serverless,v4.4.14,2024-11-27 17:21:18,2024-12-03 17:49:55,6,0,0,0,,CI
serverless/serverless,v4.4.13,2024-11-25 21:11:09,2024-11-27 17:21:17,1,0,0,0,,CI
serverless/serverless,v4.4.12,2024-11-19 20:58:36,2024-11-25 21:11:08,6,0,0,0,,CI
serverless/serverless,v4.4.11,2024-11-15 18:16:04,2024-11-19 20:58:35,4,0,0,0,,CI
serverless/serverless,v4.4.10,2024-11-14 20:14:27,2024-11-15 18:16:03,0,0,0,0,,CI
serverless/serverless,v4.4.9,2024-11-14 18:55:06,2024-11-14 20:14:26,0,0,0,0,,CI
serverless/serverless,v4.4.8,2024-10-21 18:13:47,2024-11-14 18:55:05,24,0,0,0,,CI
serverless/serverless,v4.4.7,2024-10-14 20:23:10,2024-10-21 18:13:46,6,0,0,0,,CI
serverless/serverless,v4.4.6,2024-10-09 17:14:29,2024-10-14 20:23:09,5,0,0,0,,CI
serverless/serverless,v4.4.5,2024-10-02 16:42:53,2024-10-09 17:14:28,7,0,0,0,,CI
serverless/serverless,v4.4.4,2024-10-02 16:40:20,2024-10-02 16:42:52,0,0,0,0,,CI
serverless/serverless,v4.4.3,2024-09-25 16:09:21,2024-10-02 16:40:19,7,0,0,0,,CI
serverless/serverless,v4.4.2,2024-09-24 17:20:38,2024-09-25 16:09:20,0,0,0,0,,CI
serverless/serverless,v4.4.1,2024-09-19 21:41:03,2024-09-24 17:20:37,4,0,0,0,,CI
serverless/serverless,v4.4.0,2024-09-11 03:57:30,2024-09-19 21:41:02,8,0,0,0,,CI
serverless/serverless,v4.3.2,2024-09-04 16:35:56,2024-09-11 03:57:29,6,0,0,0,,CI
serverless/serverless,v4.2.5,2024-08-29 19:02:07,2024-09-04 16:35:55,5,0,0,0,,CI
serverless/serverless,v4.2.4,2024-08-29 18:56:07,2024-08-29 19:02:06,0,0,0,0,,CI
serverless/serverless,v4.2.3,2024-08-21 21:34:49,2024-08-29 18:56:06,7,0,0,0,,CI
serverless/serverless,v4.2.1,2024-08-19 19:39:59,2024-08-21 21:34:48,2,0,0,0,,CI
serverless/serverless,v4.1.23,2024-08-13 19:06:48,2024-08-19 19:39:58,6,0,0,0,,CI
serverless/serverless,v4.1.22,2024-08-01 19:18:00,2024-08-13 19:06:47,11,0,0,0,,CI
serverless/serverless,v4.1.19,2024-07-29 20:40:55,2024-08-01 19:17:59,2,0,0,0,,CI
serverless/serverless,v4.1.17,2024-07-19 03:28:40,2024-07-29 20:40:54,10,0,0,0,,CI
serverless/serverless,v4.1.15,2024-07-18 18:05:26,2024-07-19 03:28:39,0,0,0,0,,CI
serverless/serverless,v4.1.13,2024-07-10 17:41:51,2024-07-18 18:05:25,8,0,0,0,,CI
serverless/serverless,v4.1.12,2024-07-03 21:29:14,2024-07-10 17:41:50,6,0,0,0,,CI
serverless/serverless,v4.1.11,2024-07-01 20:30:14,2024-07-03 21:29:13,2,0,0,0,,CI
serverless/serverless,v4.1.9,2024-07-01 19:49:50,2024-07-01 20:30:13,0,0,0,0,,CI
serverless/serverless,v4.1.8,2024-06-27 21:49:50,2024-07-01 19:49:49,3,0,0,0,,CI
serverless/serverless,v4.1.7,2024-06-24 20:04:21,2024-06-27 21:49:49,3,0,0,0,,CI
serverless/serverless,v4.1.6,2024-06-19 22:13:26,2024-06-24 20:04:20,4,0,0,0,,CI
serverless/serverless,v4.1.5,2024-06-14 17:21:12,2024-06-19 22:13:25,5,0,0,0,,CI
serverless/serverless,v4.1.4,2024-06-12 17:13:17,2024-06-14 17:21:11,2,0,0,0,,CI
serverless/serverless,v4.1.2,2024-06-12 09:08:50,2024-06-12 17:13:16,0,0,0,0,,CI
serverless/serverless,v4.1.1,2024-06-05 22:49:00,2024-06-12 09:08:49,6,0,0,0,,CI
serverless/serverless,v4.0.38,2024-06-05 21:13:43,2024-06-05 22:48:59,0,0,0,0,,CI
serverless/serverless,v4.0.35,2024-06-04 14:10:37,2024-06-05 21:13:42,1,0,0,0,,CI
serverless/serverless,v3.39.0,2024-06-03 19:20:23,2024-06-04 14:10:36,0,0,0,0,,CI
serverless/serverless,v4.0.34,2024-05-30 21:27:45,2024-06-03 19:20:22,3,0,0,0,,CI
serverless/serverless,v4.0.33,2024-05-29 21:12:35,2024-05-30 21:27:44,1,0,0,0,,CI
serverless/serverless,v4.0.32,2024-05-27 19:27:39,2024-05-29 21:12:34,2,0,0,0,,CI
serverless/serverless,v4.0.30,2024-05-23 20:47:37,2024-05-27 19:27:38,3,0,0,0,,CI
serverless/serverless,v4.0.26,2023-11-22 17:16:36,2024-05-23 20:47:36,183,0,0,0,,CI
serverless/serverless,v3.38.0,2023-11-16 22:20:59,2023-11-22 17:16:35,5,0,0,0,,CI
serverless/serverless,v3.37.0,2023-10-23 14:41:55,2023-11-16 22:20:58,24,0,0,0,,CI
serverless/serverless,v3.36.0,2023-09-17 00:30:43,2023-10-23 14:41:54,36,0,0,0,,CI
serverless/serverless,v3.35.2,2023-09-16 16:17:53,2023-09-17 00:30:42,0,0,0,0,,CI
serverless/serverless,v3.35.1,2023-09-15 22:20:42,2023-09-16 16:17:52,0,0,0,0,,CI
serverless/serverless,v3.35.0,2023-08-03 20:57:21,2023-09-15 22:20:41,43,0,0,0,,CI
serverless/serverless,v3.34.0,2023-06-27 07:07:04,2023-08-03 20:57:20,37,0,0,0,,CI
serverless/serverless,v3.33.0,2023-06-02 11:58:15,2023-06-27 07:07:03,24,0,0,0,,CI
serverless/serverless,v3.32.2,2023-06-01 12:44:47,2023-06-02 11:58:14,0,0,0,0,,CI
serverless/serverless,v3.32.1,2023-05-31 17:45:22,2023-06-01 12:44:46,0,0,0,0,,CI
serverless/serverless,v3.32.0,2023-05-17 15:16:35,2023-05-31 17:45:21,14,0,0,0,,CI
serverless/serverless,v3.31.0,2023-04-06 20:21:48,2023-05-17 15:16:34,40,0,0,0,,CI
serverless/serverless,v3.30.1,2023-04-05 20:38:07,2023-04-06 20:21:47,0,0,0,0,,CI
serverless/serverless,v3.30.0,2023-03-24 13:08:25,2023-04-05 20:38:06,12,0,0,0,,CI
serverless/serverless,v3.29.0,2023-03-02 09:23:08,2023-03-24 13:08:24,22,0,0,0,,CI
serverless/serverless,v3.28.1,2023-02-28 09:48:30,2023-03-02 09:23:07,1,0,0,0,,CI
serverless/serverless,v3.28.0,2023-01-26 20:16:35,2023-02-28 09:48:29,32,0,0,0,,CI
serverless/serverless,v3.27.0,2022-12-22 13:29:17,2023-01-26 20:16:34,35,0,0,0,,CI
serverless/serverless,v3.26.0,2022-11-28 18:01:18,2022-12-22 13:29:16,23,0,0,0,,CI
serverless/serverless,v3.25.1,2022-11-21 14:46:54,2022-11-28 18:01:17,7,0,0,0,,CI
serverless/serverless,v3.25.0,2022-11-04 18:24:00,2022-11-21 14:46:53,16,0,0,0,,CI
serverless/serverless,v3.24.1,2022-11-03 14:32:01,2022-11-04 18:23:59,1,0,0,0,,CI
serverless/serverless,v3.24.0,2022-10-11 11:52:54,2022-11-03 14:32:00,23,0,0,0,,CI
serverless/serverless,v3.23.0,2022-08-16 12:56:30,2022-10-11 11:52:53,55,0,0,0,,CI
serverless/serverless,v3.22.0,2022-07-14 16:51:21,2022-08-16 12:56:29,32,0,0,0,,CI
serverless/serverless,v3.21.0,2022-07-08 11:56:23,2022-07-14 16:51:20,6,0,0,0,,CI
serverless/serverless,v3.20.0,2022-06-02 17:32:55,2022-07-08 11:56:22,35,0,0,0,,CI
serverless/serverless,v3.19.0,2022-05-24 07:32:52,2022-06-02 17:32:54,9,0,0,0,,CI
serverless/serverless,v3.18.2,2022-05-20 11:35:40,2022-05-24 07:32:51,3,0,0,0,,CI
serverless/serverless,v3.18.1,2022-05-19 16:38:11,2022-05-20 11:35:39,0,0,0,0,,CI
serverless/serverless,v3.18.0,2022-05-10 08:27:53,2022-05-19 16:38:10,9,0,0,0,,CI
serverless/serverless,v3.17.0,2022-04-29 15:20:39,2022-05-10 08:27:52,10,0,0,0,,CI
serverless/serverless,v3.16.0,2022-04-22 17:08:28,2022-04-29 15:20:38,6,0,0,0,,CI
serverless/serverless,v3.15.2,2022-04-22 12:16:08,2022-04-22 17:08:27,0,0,0,0,,CI
serverless/serverless,v3.15.1,2022-04-20 13:18:53,2022-04-22 12:16:07,1,0,0,0,,CI
serverless/serverless,v3.15.0,2022-04-14 16:03:25,2022-04-20 13:18:52,5,0,0,0,,CI
serverless/serverless,v3.14.0,2022-04-13 11:22:03,2022-04-14 16:03:24,1,0,0,0,,CI
serverless/serverless,v3.13.0,2022-04-06 21:40:25,2022-04-13 11:22:02,6,0,0,0,,CI
serverless/serverless,v3.12.0,2022-04-04 15:16:46,2022-04-06 21:40:24,2,0,0,0,,CI
serverless/serverless,v3.11.0,2022-03-31 17:52:09,2022-04-04 15:16:45,3,0,0,0,,CI
serverless/serverless,v3.10.2,2022-03-30 21:03:03,2022-03-31 17:52:08,0,0,0,0,,CI
serverless/serverless,v3.10.1,2022-03-25 13:05:06,2022-03-30 21:03:02,5,0,0,0,,CI
serverless/serverless,v3.10.0,2022-03-24 20:28:00,2022-03-25 13:05:05,0,0,0,0,,CI
serverless/serverless,v3.9.0,2022-03-21 17:10:29,2022-03-24 20:27:59,3,0,0,0,,CI
serverless/serverless,v3.8.0,2022-03-18 15:29:23,2022-03-21 17:10:28,3,0,0,0,,CI
serverless/serverless,v3.7.9,2022-03-17 21:37:04,2022-03-18 15:29:22,0,0,0,0,,CI
serverless/serverless,v3.7.8,2022-03-17 17:51:06,2022-03-17 21:37:03,0,0,0,0,,CI
serverless/serverless,v3.7.7,2022-03-17 13:38:26,2022-03-17 17:51:05,0,0,0,0,,CI
serverless/serverless,v3.7.6,2022-03-14 16:12:08,2022-03-17 13:38:25,2,0,0,0,,CI
serverless/serverless,v3.7.5,2022-03-10 14:55:21,2022-03-14 16:12:07,4,0,0,0,,CI
serverless/serverless,v3.7.4,2022-03-09 17:48:36,2022-03-10 14:55:20,0,0,0,0,,CI
serverless/serverless,v3.7.3,2022-03-08 11:35:07,2022-03-09 17:48:35,1,0,0,0,,CI
serverless/serverless,v3.7.2,2022-03-02 15:18:56,2022-03-08 11:35:06,5,0,0,0,,CI
serverless/serverless,v3.7.1,2022-03-01 19:24:29,2022-03-02 15:18:55,0,0,0,0,,CI
serverless/serverless,v3.7.0,2022-03-01 13:55:36,2022-03-01 19:24:28,0,0,0,0,,CI
serverless/serverless,v3.6.0,2022-02-28 19:27:47,2022-03-01 13:55:35,0,0,0,0,,CI
serverless/serverless,v3.5.1,2022-02-28 16:23:02,2022-02-28 19:27:46,0,0,0,0,,CI
serverless/serverless,v3.5.0,2022-02-25 20:06:00,2022-02-28 16:23:01,2,0,0,0,,CI
serverless/serverless,v3.4.0,2022-02-22 16:54:13,2022-02-25 20:05:59,3,0,0,0,,CI
serverless/serverless,v2.72.3,2022-02-21 11:55:59,2022-02-22 16:54:12,1,0,0,0,,CI
serverless/serverless,v3.3.0,2022-02-14 16:13:20,2022-02-21 11:55:58,6,0,0,0,,CI
serverless/serverless,v3.2.1,2022-02-10 12:57:21,2022-02-14 16:13:19,4,0,0,0,,CI
serverless/serverless,v3.2.0,2022-02-02 14:30:12,2022-02-10 12:57:20,7,0,0,0,,CI
serverless/serverless,v3.1.1,2022-02-01 11:26:20,2022-02-02 14:30:11,1,0,0,0,,CI
serverless/serverless,v3.1.0,2022-01-28 14:52:21,2022-02-01 11:26:19,3,0,0,0,,CI
serverless/serverless,v3.0.1,2022-01-27 15:20:25,2022-01-28 14:52:20,0,0,0,0,,CI
serverless/serverless,v3.0.0,2022-01-24 20:49:29,2022-01-27 15:20:24,2,0,0,0,,CI
serverless/serverless,v2.72.2,2022-01-21 10:07:48,2022-01-24 20:49:28,3,0,0,0,,CI
serverless/serverless,v2.72.1,2022-01-17 11:01:22,2022-01-21 10:07:47,3,0,0,0,,CI
serverless/serverless,v2.72.0,2022-01-10 12:56:16,2022-01-17 11:01:21,6,0,0,0,,CI
serverless/serverless,v2.71.0,2021-12-27 17:15:33,2022-01-10 12:56:15,13,0,0,0,,CI
serverless/serverless,v2.70.0,2021-12-15 13:18:19,2021-12-27 17:15:32,12,0,0,0,,CI
serverless/serverless,v2.69.1,2021-12-13 15:20:19,2021-12-15 13:18:18,1,0,0,0,,CI
serverless/serverless,v2.69.0,2021-12-02 12:11:56,2021-12-13 15:20:18,11,0,0,0,,CI
serverless/serverless,v2.68.0,2021-11-26 11:57:21,2021-12-02 12:11:55,6,0,0,0,,CI
serverless/serverless,v2.67.0,2021-11-17 17:09:24,2021-11-26 11:57:20,8,0,0,0,,CI
serverless/serverless,v2.66.2,2021-11-10 12:45:49,2021-11-17 17:09:23,7,0,0,0,,CI
serverless/serverless,v2.66.1,2021-11-09 13:18:51,2021-11-10 12:45:48,0,0,0,0,,CI
serverless/serverless,v2.66.0,2021-11-04 08:45:56,2021-11-09 13:18:50,5,0,0,0,,CI
serverless/serverless,v2.65.0,2021-10-20 15:22:43,2021-11-04 08:45:55,14,0,0,0,,CI
serverless/serverless,v2.64.1,2021-10-20 11:22:24,2021-10-20 15:22:42,0,0,0,0,,CI
serverless/serverless,v2.64.0,2021-10-15 12:10:47,2021-10-20 11:22:23,4,0,0,0,,CI
serverless/serverless,v2.63.0,2021-10-08 14:08:33,2021-10-15 12:10:46,6,0,0,0,,CI
serverless/serverless,v2.62.0,2021-10-04 16:15:12,2021-10-08 14:08:32,3,0,0,0,,CI
serverless/serverless,v2.61.0,2021-10-01 15:23:46,2021-10-04 16:15:11,3,0,0,0,,CI
serverless/serverless,v2.60.3,2021-09-30 16:06:23,2021-10-01 15:23:45,0,0,0,0,,CI
serverless/serverless,v2.60.2,2021-09-29 20:43:55,2021-09-30 16:06:22,0,0,0,0,,CI
serverless/serverless,v2.60.1,2021-09-24 16:23:12,2021-09-29 20:43:54,5,0,0,0,,CI
serverless/serverless,v2.60.0,2021-09-14 16:19:58,2021-09-24 16:23:11,10,0,0,0,,CI
serverless/serverless,v2.59.0,2021-09-13 14:57:29,2021-09-14 16:19:57,1,0,0,0,,CI
serverless/serverless,v2.58.0,2021-08-31 10:15:28,2021-09-13 14:57:28,13,0,0,0,,CI
serverless/serverless,v2.57.0,2021-08-25 11:02:58,2021-08-31 10:15:27,5,0,0,0,,CI
serverless/serverless,v2.56.0,2021-08-18 09:42:29,2021-08-25 11:02:57,7,0,0,0,,CI
serverless/serverless,v2.55.0,2021-08-12 11:48:25,2021-08-18 09:42:28,5,0,0,0,,CI
serverless/serverless,v2.54.0,2021-08-06 12:17:00,2021-08-12 11:48:24,5,0,0,0,,CI
serverless/serverless,v2.53.1,2021-08-04 14:22:28,2021-08-06 12:16:59,1,0,0,0,,CI
serverless/serverless,v2.53.0,2021-07-22 09:33:54,2021-08-04 14:22:27,13,0,0,0,,CI
serverless/serverless,v2.52.1,2021-07-15 11:49:59,2021-07-22 09:33:53,6,0,0,0,,CI
serverless/serverless,v2.52.0,2021-07-08 20:38:58,2021-07-15 11:49:58,6,0,0,0,,CI
serverless/serverless,v2.51.2,2021-07-08 12:54:58,2021-07-08 20:38:57,0,0,0,0,,CI
serverless/serverless,v2.51.1,2021-07-06 16:42:14,2021-07-08 12:54:57,1,0,0,0,,CI
serverless/serverless,v2.51.0,2021-07-01 09:26:03,2021-07-06 16:42:13,5,0,0,0,,CI
serverless/serverless,v2.50.0,2021-06-29 12:48:57,2021-07-01 09:26:02,1,0,0,0,,CI
serverless/serverless,v2.49.0,2021-06-28 07:11:10,2021-06-29 12:48:56,1,0,0,0,,CI
serverless/serverless,v2.48.1,2021-06-21 16:46:30,2021-06-28 07:11:09,6,0,0,0,,CI
serverless/serverless,v2.48.0,2021-06-18 09:53:30,2021-06-21 16:46:29,3,0,0,0,,CI
serverless/serverless,v2.47.0,2021-06-11 10:09:52,2021-06-18 09:53:29,6,0,0,0,,CI
serverless/serverless,v2.46.0,2021-06-09 10:30:01,2021-06-11 10:09:51,1,0,0,0,,CI
serverless/serverless,v2.45.2,2021-06-08 14:19:00,2021-06-09 10:30:00,0,0,0,0,,CI
serverless/serverless,v2.45.1,2021-06-08 11:42:47,2021-06-08 14:18:59,0,0,0,0,,CI
serverless/serverless,v2.45.0,2021-06-02 17:26:40,2021-06-08 11:42:46,5,0,0,0,,CI
serverless/serverless,v2.44.0,2021-05-25 12:11:12,2021-06-02 17:26:39,8,0,0,0,,CI
serverless/serverless,v2.43.1,2021-05-20 15:01:42,2021-05-25 12:11:11,4,0,0,0,,CI
serverless/serverless,v2.43.0,2021-05-19 14:41:35,2021-05-20 15:01:41,1,0,0,0,,CI
serverless/serverless,v2.42.0,2021-05-13 12:30:48,2021-05-19 14:41:34,6,0,0,0,,CI
serverless/serverless,v2.41.2,2021-05-11 12:20:01,2021-05-13 12:30:47,2,0,0,0,,CI
serverless/serverless,v2.41.1,2021-05-11 08:53:44,2021-05-11 12:20:00,0,0,0,0,,CI
serverless/serverless,v2.41.0,2021-05-06 11:50:44,2021-05-11 08:53:43,4,0,0,0,,CI
serverless/serverless,v2.40.0,2021-05-04 21:00:45,2021-05-06 11:50:43,1,0,0,0,,CI
serverless/serverless,v2.39.2,2021-05-03 11:03:52,2021-05-04 21:00:44,1,0,0,0,,CI
serverless/serverless,v2.39.1,2021-04-30 13:25:59,2021-05-03 11:03:51,2,0,0,0,,CI
serverless/serverless,v2.39.0,2021-04-23 09:07:08,2021-04-30 13:25:58,7,0,0,0,,CI
serverless/serverless,v2.38.0,2021-04-22 10:06:14,2021-04-23 09:07:07,0,0,0,0,,CI
serverless/serverless,v2.37.2,2021-04-21 15:56:12,2021-04-22 10:06:13,0,0,0,0,,CI
serverless/serverless,v2.37.1,2021-04-20 14:26:27,2021-04-21 15:56:11,1,0,0,0,,CI
serverless/serverless,v2.37.0,2021-04-20 09:45:44,2021-04-20 14:26:26,0,0,0,0,,CI
serverless/serverless,v2.36.0,2021-04-09 11:58:13,2021-04-20 09:45:43,10,0,0,0,,CI
serverless/serverless,v2.35.0,2021-04-07 13:05:39,2021-04-09 11:58:12,1,0,0,0,,CI
serverless/serverless,v2.34.0,2021-04-03 08:28:31,2021-04-07 13:05:38,4,0,0,0,,CI
serverless/serverless,v2.33.1,2021-04-02 14:42:24,2021-04-03 08:28:30,0,0,0,0,,CI
serverless/serverless,v2.33.0,2021-03-31 12:34:14,2021-04-02 14:42:23,2,0,0,0,,CI
serverless/serverless,v2.32.1,2021-03-30 14:03:35,2021-03-31 12:34:13,0,0,0,0,,CI
serverless/serverless,v2.32.0,2021-03-23 12:16:04,2021-03-30 14:03:34,7,0,0,0,,CI
serverless/serverless,v2.31.0,2021-03-23 10:23:26,2021-03-23 12:16:03,0,0,0,0,,CI
serverless/serverless,v1.83.3,2021-03-17 07:57:52,2021-03-23 10:23:25,6,0,0,0,,CI
serverless/serverless,v2.30.3,2021-03-16 17:32:42,2021-03-17 07:57:51,0,0,0,0,,CI
serverless/serverless,v2.30.2,2021-03-16 14:46:20,2021-03-16 17:32:41,0,0,0,0,,CI
serverless/serverless,v2.30.1,2021-03-16 10:15:40,2021-03-16 14:46:19,0,0,0,0,,CI
serverless/serverless,v2.30.0,2021-03-09 12:43:30,2021-03-16 10:15:39,6,0,0,0,,CI
serverless/serverless,v2.29.0,2021-03-04 11:09:28,2021-03-09 12:43:29,5,0,0,0,,CI
serverless/serverless,v2.28.7,2021-03-03 15:14:42,2021-03-04 11:09:27,0,0,0,0,,CI
serverless/serverless,v2.28.6,2021-03-03 13:19:14,2021-03-03 15:14:41,0,0,0,0,,CI
serverless/serverless,v2.28.5,2021-03-03 10:03:19,2021-03-03 13:19:13,0,0,0,0,,CI
serverless/serverless,v2.28.4,2021-03-02 22:34:35,2021-03-03 10:03:18,0,0,0,0,,CI
serverless/serverless,v2.28.3,2021-03-02 21:08:16,2021-03-02 22:34:34,0,0,0,0,,CI
serverless/serverless,v2.28.2,2021-03-02 14:33:03,2021-03-02 21:08:15,0,0,0,0,,CI
serverless/serverless,v2.28.1,2021-02-26 12:29:02,2021-03-02 14:33:02,4,0,0,0,,CI
serverless/serverless,v2.28.0,2021-02-25 12:48:33,2021-02-26 12:29:01,0,0,0,0,,CI
serverless/serverless,v2.27.1,2021-02-24 21:52:04,2021-02-25 12:48:32,0,0,0,0,,CI
serverless/serverless,v2.27.0,2021-02-24 12:51:35,2021-02-24 21:52:03,0,0,0,0,,CI
serverless/serverless,v2.26.0,2021-02-18 12:26:19,2021-02-24 12:51:34,6,0,0,0,,CI
serverless/serverless,v2.25.2,2021-02-16 20:23:50,2021-02-18 12:26:18,1,0,0,0,,CI
serverless/serverless,v2.25.1,2021-02-16 17:57:28,2021-02-16 20:23:49,0,0,0,0,,CI
serverless/serverless,v2.25.0,2021-02-16 14:02:17,2021-02-16 17:57:27,0,0,0,0,,CI
serverless/serverless,v2.24.0,2021-02-08 12:11:03,2021-02-16 14:02:16,8,0,0,0,,CI
serverless/serverless,v2.23.0,2021-02-02 10:42:20,2021-02-08 12:11:02,6,0,0,0,,CI
serverless/serverless,v2.22.0,2021-01-26 17:08:10,2021-02-02 10:42:19,6,0,0,0,,CI
serverless/serverless,v2.21.1,2021-01-26 11:30:11,2021-01-26 17:08:09,0,0,0,0,,CI
serverless/serverless,v2.21.0,2021-01-22 09:51:48,2021-01-26 11:30:10,4,0,0,0,,CI
serverless/serverless,v2.20.1,2021-01-21 12:11:16,2021-01-22 09:51:47,0,0,0,0,,CI
serverless/serverless,v2.20.0,2021-01-15 12:45:45,2021-01-21 12:11:15,5,0,0,0,,CI
serverless/serverless,v2.19.0,2021-01-07 12:06:01,2021-01-15 12:45:44,8,0,0,0,,CI
serverless/serverless,v2.18.0,2020-12-30 12:33:35,2021-01-07 12:06:00,7,0,0,0,,CI
serverless/serverless,v2.17.0,2020-12-22 09:54:27,2020-12-30 12:33:34,8,0,0,0,,CI
serverless/serverless,v2.16.1,2020-12-18 10:41:40,2020-12-22 09:54:26,3,0,0,0,,CI
serverless/serverless,v2.16.0,2020-12-04 14:56:26,2020-12-18 10:41:39,13,0,0,0,,CI
serverless/serverless,v2.15.0,2020-12-01 13:32:21,2020-12-04 14:56:25,3,0,0,0,,CI
serverless/serverless,v2.14.0,2020-11-26 09:45:09,2020-12-01 13:32:20,5,0,0,0,,CI
serverless/serverless,v2.13.0,2020-11-20 16:13:38,2020-11-26 09:45:08,5,0,0,0,,CI
serverless/serverless,v2.12.0,2020-11-09 15:01:04,2020-11-20 16:13:37,11,0,0,0,,CI
serverless/serverless,v2.11.1,2020-11-06 16:10:29,2020-11-09 15:01:03,2,0,0,0,,CI
serverless/serverless,v2.11.0,2020-11-06 15:11:09,2020-11-06 16:10:28,0,0,0,0,,CI
serverless/serverless,v1.83.2,2020-11-03 16:51:00,2020-11-06 15:11:08,2,0,0,0,,CI
serverless/serverless,v1.83.1,2020-11-03 14:53:19,2020-11-03 16:50:59,0,0,0,0,,CI
serverless/serverless,v2.10.0,2020-10-29 12:29:22,2020-11-03 14:53:18,5,0,0,0,,CI
serverless/serverless,v2.9.0,2020-10-16 11:30:48,2020-10-29 12:29:21,13,0,0,0,,CI
serverless/serverless,v2.8.0,2020-10-13 13:48:44,2020-10-16 11:30:47,2,0,0,0,,CI
serverless/serverless,v2.7.0,2020-10-09 12:56:39,2020-10-13 13:48:43,4,0,0,0,,CI
serverless/serverless,v2.6.0,2020-10-07 14:18:05,2020-10-09 12:56:38,1,0,0,0,,CI
serverless/serverless,v2.5.0,2020-09-30 14:30:44,2020-10-07 14:18:04,6,0,0,0,,CI
serverless/serverless,v2.4.0,2020-09-25 10:02:29,2020-09-30 14:30:43,5,0,0,0,,CI
serverless/serverless,v2.3.0,2020-09-23 14:04:47,2020-09-25 10:02:28,1,0,0,0,,CI
serverless/serverless,v2.2.0,2020-09-17 14:01:40,2020-09-23 14:04:46,6,0,0,0,,CI
serverless/serverless,v2.1.1,2020-09-16 14:54:28,2020-09-17 14:01:39,0,0,0,0,,CI
serverless/serverless,v2.1.0,2020-09-10 13:15:40,2020-09-16 14:54:27,6,0,0,0,,CI
serverless/serverless,v2.0.0,2020-09-10 10:28:16,2020-09-10 13:15:39,0,0,0,0,,CI
serverless/serverless,v1.83.0,2020-09-04 13:46:11,2020-09-10 10:28:15,5,0,0,0,,CI
serverless/serverless,v1.82.0,2020-09-02 17:10:50,2020-09-04 13:46:10,1,0,0,0,,CI
serverless/serverless,v1.81.1,2020-09-02 14:21:32,2020-09-02 17:10:49,0,0,0,0,,CI
serverless/serverless,v1.81.0,2020-08-26 10:22:09,2020-09-02 14:21:31,7,0,0,0,,CI
serverless/serverless,v1.80.0,2020-08-19 14:33:23,2020-08-26 10:22:08,6,0,0,0,,CI
serverless/serverless,v1.79.0,2020-08-04 14:45:10,2020-08-19 14:33:22,14,0,0,0,,CI
serverless/serverless,v1.78.1,2020-08-03 14:14:23,2020-08-04 14:45:09,1,0,0,0,,CI
serverless/serverless,v1.78.0,2020-07-28 14:50:11,2020-08-03 14:14:22,5,0,0,0,,CI
serverless/serverless,v1.77.1,2020-07-27 13:52:14,2020-07-28 14:50:10,1,0,0,0,,CI
serverless/serverless,v1.77.0,2020-07-23 13:57:22,2020-07-27 13:52:13,3,0,0,0,,CI
serverless/serverless,v1.76.1,2020-07-23 13:06:56,2020-07-23 13:57:21,0,0,0,0,,CI
serverless/serverless,v1.76.0,2020-07-16 09:42:14,2020-07-23 13:06:55,7,0,0,0,,CI
serverless/serverless,v1.75.1,2020-07-15 14:41:24,2020-07-16 09:42:13,0,0,0,0,,CI
serverless/serverless,v1.75.0,2020-06-29 14:56:28,2020-07-15 14:41:23,15,0,0,0,,CI
serverless/serverless,v1.74.1,2020-06-26 12:10:05,2020-06-29 14:56:27,3,0,0,0,,CI
serverless/serverless,v1.74.0,2020-06-16 15:10:04,2020-06-26 12:10:04,9,0,0,0,,CI
serverless/serverless,v1.73.1,2020-06-16 10:38:22,2020-06-16 15:10:03,0,0,0,0,,CI
serverless/serverless,v1.73.0,2020-06-02 10:14:28,2020-06-16 10:38:21,14,0,0,0,,CI
serverless/serverless,v1.72.0,2020-05-20 15:57:30,2020-06-02 10:14:27,12,0,0,0,,CI
serverless/serverless,v1.71.3,2020-05-20 13:39:18,2020-05-20 15:57:29,0,0,0,0,,CI
serverless/serverless,v1.71.2,2020-05-15 15:05:38,2020-05-20 13:39:17,4,0,0,0,,CI
serverless/serverless,v1.20.2,2020-05-15 15:05:38,2020-05-15 15:05:37,0,0,0,0,,CI
serverless/serverless,v1.16.1,2020-05-15 15:05:37,2020-05-15 15:05:37,0,0,0,0,,CI
serverless/serverless,v1.34.0,2020-05-15 15:05:37,2020-05-15 15:05:36,0,0,0,0,,CI
serverless/serverless,v1.6.1,2020-05-15 15:03:05,2020-05-15 15:05:36,0,0,0,0,,CI
serverless/serverless,v1.71.1,2020-05-15 13:20:18,2020-05-15 15:03:04,0,0,0,0,,CI
serverless/serverless,v1.71.0,2020-05-11 12:07:37,2020-05-15 13:20:17,4,0,0,0,,CI
serverless/serverless,v1.70.1,2020-05-07 14:31:55,2020-05-11 12:07:36,3,0,0,0,,CI
serverless/serverless,v1.70.0,2020-04-29 11:40:15,2020-05-07 14:31:54,8,0,0,0,,CI
serverless/serverless,v1.69.0,2020-04-22 12:25:50,2020-04-29 11:40:14,6,0,0,0,,CI
serverless/serverless,v1.68.0,2020-04-08 10:45:54,2020-04-22 12:25:49,14,0,0,0,,CI
serverless/serverless,v1.67.3,2020-04-07 23:10:09,2020-04-08 10:45:53,0,0,0,0,,CI
serverless/serverless,v1.67.2,2020-04-07 02:32:05,2020-04-07 23:10:08,0,0,0,0,,CI
serverless/serverless,v1.67.1,2020-03-19 23:09:35,2020-04-07 02:32:04,18,0,0,0,,CI
serverless/serverless,v1.67.0,2020-03-09 03:19:34,2020-03-19 23:09:34,10,0,0,0,,CI
serverless/serverless,v1.66.0,2020-02-28 00:27:43,2020-03-09 03:19:33,10,0,0,0,,CI
serverless/serverless,v1.65.0,2020-02-26 03:08:27,2020-02-28 00:27:42,1,0,0,0,,CI
serverless/serverless,v1.64.1,2020-02-18 22:20:03,2020-02-26 03:08:26,7,0,0,0,,CI
serverless/serverless,v1.64.0,2020-02-05 12:31:14,2020-02-18 22:20:02,13,0,0,0,,CI
serverless/serverless,v1.63.0,2020-01-29 14:02:53,2020-02-05 12:31:13,6,0,0,0,,CI
serverless/serverless,v1.62.0,2020-01-21 14:51:44,2020-01-29 14:02:52,7,0,0,0,,CI
serverless/serverless,v1.61.3,2020-01-16 10:53:15,2020-01-21 14:51:43,5,0,0,0,,CI
serverless/serverless,v1.61.2,2020-01-14 13:19:06,2020-01-16 10:53:14,1,0,0,0,,CI
serverless/serverless,v1.61.1,2020-01-13 12:14:33,2020-01-14 13:19:05,1,0,0,0,,CI
serverless/serverless,v1.61.0,2020-01-03 15:30:05,2020-01-13 12:14:32,9,0,0,0,,CI
serverless/serverless,v1.60.5,2019-12-23 21:26:46,2020-01-03 15:30:04,10,0,0,0,,CI
serverless/serverless,v1.60.4,2019-12-23 15:11:31,2019-12-23 21:26:45,0,0,0,0,,CI
serverless/serverless,v1.60.3,2019-12-23 12:57:44,2019-12-23 15:11:30,0,0,0,0,,CI
serverless/serverless,v1.60.2,2019-12-20 09:36:55,2019-12-23 12:57:43,3,0,0,0,,CI
serverless/serverless,v1.60.1,2019-12-18 11:46:03,2019-12-20 09:36:54,1,0,0,0,,CI
serverless/serverless,v1.60.0,2019-12-09 10:45:47,2019-12-18 11:46:02,9,0,0,0,,CI
serverless/serverless,v1.59.3,2019-12-06 14:32:14,2019-12-09 10:45:46,2,0,0,0,,CI
serverless/serverless,v1.59.2,2019-12-05 10:17:12,2019-12-06 14:32:13,1,0,0,0,,CI
serverless/serverless,v1.59.1,2019-12-04 11:45:54,2019-12-05 10:17:11,0,0,0,0,,CI
serverless/serverless,v1.59.0,2019-11-20 12:39:51,2019-12-04 11:45:53,13,0,0,0,,CI
serverless/serverless,v1.58.0,2019-11-06 10:03:12,2019-11-20 12:39:50,14,0,0,0,,CI
serverless/serverless,v1.57.0,2019-10-31 12:50:48,2019-11-06 10:03:11,5,0,0,0,,CI
serverless/serverless,v1.56.1,2019-10-31 10:33:17,2019-10-31 12:50:47,0,0,0,0,,CI
serverless/serverless,v1.56.0,2019-10-23 20:17:46,2019-10-31 10:33:16,7,0,0,0,,CI
serverless/serverless,v1.55.1,2019-10-23 10:42:33,2019-10-23 20:17:45,0,0,0,0,,CI
serverless/serverless,v1.55.0,2019-10-09 09:03:06,2019-10-23 10:42:32,14,0,0,0,,CI
serverless/serverless,v1.54.0,2019-09-25 11:30:52,2019-10-09 09:03:05,13,0,0,0,,CI
serverless/serverless,v1.53.0,2019-09-20 09:17:07,2019-09-25 11:30:51,5,0,0,0,,CI
serverless/serverless,v1.52.2,2019-09-19 13:01:40,2019-09-20 09:17:06,0,0,0,0,,CI
serverless/serverless,v1.52.1,2019-09-11 10:42:09,2019-09-19 13:01:39,8,0,0,0,,CI
serverless/serverless,v1.52.0,2019-08-28 11:23:10,2019-09-11 10:42:08,13,0,0,0,,CI
serverless/serverless,v1.51.0,2019-08-26 13:07:18,2019-08-28 11:23:09,1,0,0,0,,CI
serverless/serverless,v1.50.1,2019-08-14 11:32:55,2019-08-26 13:07:17,12,0,0,0,,CI
serverless/serverless,v1.50.0,2019-07-30 07:49:00,2019-08-14 11:32:54,15,0,0,0,,CI
serverless/serverless,v1.49.0,2019-07-25 13:51:20,2019-07-30 07:48:59,4,0,0,0,,CI
serverless/serverless,v1.48.4,2019-07-23 18:11:07,2019-07-25 13:51:19,1,0,0,0,,CI
serverless/serverless,v1.48.3,2019-07-19 21:45:34,2019-07-23 18:11:06,3,0,0,0,,CI
serverless/serverless,v1.48.2,2019-07-19 19:37:45,2019-07-19 21:45:33,0,0,0,0,,CI
serverless/serverless,v1.48.1,2019-07-18 22:10:39,2019-07-19 19:37:44,0,0,0,0,,CI
serverless/serverless,v1.48.0,2019-07-10 08:46:15,2019-07-18 22:10:38,8,0,0,0,,CI
serverless/serverless,v1.47.0,2019-06-28 13:06:30,2019-07-10 08:46:14,11,0,0,0,,CI
serverless/serverless,v1.46.1,2019-06-26 08:34:33,2019-06-28 13:06:29,2,0,0,0,,CI
serverless/serverless,v1.46.0,2019-06-12 14:38:52,2019-06-26 08:34:32,13,0,0,0,,CI
serverless/serverless,v1.45.1,2019-06-12 07:52:15,2019-06-12 14:38:51,0,0,0,0,,CI
serverless/serverless,v1.45.0,2019-05-28 20:36:41,2019-06-12 07:52:14,14,0,0,0,,CI
serverless/serverless,v1.44.1,2019-05-28 16:12:22,2019-05-28 20:36:40,0,0,0,0,,CI
serverless/serverless,v1.44.0,2019-05-20 16:42:39,2019-05-28 16:12:21,7,0,0,0,,CI
serverless/serverless,v1.43.0,2019-05-14 07:36:19,2019-05-20 16:42:38,6,0,0,0,,CI
serverless/serverless,v1.42.3,2019-05-10 11:45:10,2019-05-14 07:36:18,3,0,0,0,,CI
serverless/serverless,v1.42.2,2019-05-09 20:16:04,2019-05-10 11:45:09,0,0,0,0,,CI
serverless/serverless,v1.42.1,2019-05-09 14:34:41,2019-05-09 20:16:03,0,0,0,0,,CI
serverless/serverless,v1.42.0,2019-04-23 11:13:15,2019-05-09 14:34:40,16,0,0,0,,CI
serverless/serverless,v1.41.1,2019-04-18 11:27:48,2019-04-23 11:13:14,4,0,0,0,,CI
serverless/serverless,v1.41.0,2019-03-28 20:12:17,2019-04-18 11:27:47,20,0,0,0,,CI
serverless/serverless,v1.40.0,2019-03-18 10:30:18,2019-03-28 20:12:16,10,0,0,0,,CI
serverless/serverless,v1.39.1,2019-03-15 13:17:05,2019-03-18 10:30:17,2,0,0,0,,CI
serverless/serverless,v1.39.0,2019-02-20 15:04:58,2019-03-15 13:17:04,22,0,0,0,,CI
serverless/serverless,v1.38.0,2019-02-08 11:00:01,2019-02-20 15:04:57,12,0,0,0,,CI
serverless/serverless,v1.37.1,2019-02-06 14:35:47,2019-02-08 11:00:00,1,0,0,0,,CI
serverless/serverless,v1.37.0,2019-01-23 13:50:23,2019-02-06 14:35:46,14,0,0,0,,CI
serverless/serverless,v1.36.3,2019-01-21 18:34:00,2019-01-23 13:50:22,1,0,0,0,,CI
serverless/serverless,v1.36.2,2019-01-14 11:34:36,2019-01-21 18:33:59,7,0,0,0,,CI
serverless/serverless,v1.36.1,2019-01-10 18:54:27,2019-01-14 11:34:35,3,0,0,0,,CI
serverless/serverless,v1.36.0,2018-12-18 21:31:50,2019-01-10 18:54:26,22,0,0,0,,CI
serverless/serverless,v1.35.1,2018-12-13 18:50:11,2018-12-18 21:31:49,5,0,0,0,,CI
serverless/serverless,v1.35.0,2018-11-30 18:43:47,2018-12-13 18:50:10,13,0,0,0,,CI
serverless/serverless,v1.34.1,2018-11-19 18:09:07,2018-11-30 18:43:46,11,0,0,0,,CI
serverless/serverless,v1.33.2,2018-11-15 19:14:19,2018-11-19 18:09:06,3,0,0,0,,CI
serverless/serverless,v1.33.1,2018-11-15 14:23:56,2018-11-15 19:14:18,0,0,0,0,,CI
serverless/serverless,v1.33.0,2018-09-17 15:35:56,2018-11-15 14:23:55,58,0,0,0,,CI
serverless/serverless,v1.32.0,2018-09-11 17:05:37,2018-09-17 15:35:55,5,0,0,0,,CI
serverless/serverless,v1.31.0,2018-09-02 16:37:13,2018-09-11 17:05:36,9,0,0,0,,CI
serverless/serverless,v1.30.2,2018-08-28 20:02:20,2018-09-02 16:37:12,4,0,0,0,,CI
serverless/serverless,v1.30.3,2018-08-16 15:16:43,2018-08-28 20:02:19,12,0,0,0,,CI
serverless/serverless,v1.30.1,2018-08-10 15:34:53,2018-08-16 15:16:42,5,0,0,0,,CI
serverless/serverless,v1.30.0,2018-07-30 09:28:08,2018-08-10 15:34:52,11,0,0,0,,CI
serverless/serverless,v1.29.2,2018-07-28 17:14:25,2018-07-30 09:28:07,1,0,0,0,,CI
serverless/serverless,v1.29.1,2018-07-26 06:15:33,2018-07-28 17:14:24,2,0,0,0,,CI
serverless/serverless,v1.29.0,2018-07-04 06:28:54,2018-07-26 06:15:32,21,0,0,0,,CI
serverless/serverless,v1.28.0,2018-05-23 14:19:50,2018-07-04 06:28:53,41,0,0,0,,CI
serverless/serverless,v1.27.3,2018-05-07 07:57:31,2018-05-23 14:19:49,16,0,0,0,,CI
serverless/serverless,v1.27.2,2018-05-04 12:49:06,2018-05-07 07:57:30,2,0,0,0,,CI
serverless/serverless,v1.27.1,2018-05-02 12:08:35,2018-05-04 12:49:05,2,0,0,0,,CI
serverless/serverless,v1.27.0,2018-02-27 12:04:33,2018-05-02 12:08:34,64,0,0,0,,CI
serverless/serverless,v1.26.1,2018-01-29 16:48:47,2018-02-27 12:04:32,28,0,0,0,,CI
serverless/serverless,v1.26.0,2017-12-20 13:22:31,2018-01-29 16:48:46,40,0,0,0,,CI
serverless/serverless,v1.25.0,2017-11-07 15:36:36,2017-12-20 13:22:30,42,0,0,0,,CI
serverless/serverless,v1.24.1,2017-11-01 10:28:34,2017-11-07 15:36:35,6,0,0,0,,CI
serverless/serverless,v1.24.0,2017-09-21 14:45:37,2017-11-01 10:28:33,40,0,0,0,,CI
serverless/serverless,v1.23.0,2017-09-13 13:05:32,2017-09-21 14:45:36,8,0,0,0,,CI
serverless/serverless,v1.22.0,2017-09-06 08:00:09,2017-09-13 13:05:31,7,0,0,0,,CI
serverless/serverless,v1.21.1,2017-08-30 12:27:46,2017-09-06 08:00:08,6,0,0,0,,CI
serverless/serverless,v1.21.0,2017-08-17 10:48:18,2017-08-30 12:27:45,13,0,0,0,,CI
serverless/serverless,v1.20.1,2017-08-16 16:07:37,2017-08-17 10:48:17,0,0,0,0,,CI
serverless/serverless,v1.20.0,2017-08-03 14:48:09,2017-08-16 16:07:36,13,0,0,0,,CI
serverless/serverless,v1.18.0,2017-08-03 14:47:46,2017-08-03 14:48:08,0,0,0,0,,CI
serverless/serverless,v1.18.1,2017-08-03 14:47:17,2017-08-03 14:47:45,0,0,0,0,,CI
serverless/serverless,v1.19.0,2017-07-05 12:51:55,2017-08-03 14:47:16,29,0,0,0,,CI
serverless/serverless,v1.17.0,2017-06-21 13:05:31,2017-07-05 12:51:54,13,0,0,0,,CI
serverless/serverless,v1.16.0,2017-06-12 16:07:45,2017-06-21 13:05:30,8,0,0,0,,CI
serverless/serverless,v1.15.3,2017-06-10 19:26:49,2017-06-12 16:07:44,1,0,0,0,,CI
serverless/serverless,v1.15.2,2017-06-10 19:26:16,2017-06-10 19:26:48,0,0,0,0,,CI
serverless/serverless,v1.15.0,2017-05-24 13:29:40,2017-06-10 19:26:15,17,0,0,0,,CI
serverless/serverless,v1.14.0,2017-05-15 16:24:25,2017-05-24 13:29:39,8,0,0,0,,CI
serverless/serverless,v1.13.2,2017-05-12 07:21:35,2017-05-15 16:24:24,3,0,0,0,,CI
serverless/serverless,v1.13.1,2017-05-10 17:03:35,2017-05-12 07:21:34,1,0,0,0,,CI
serverless/serverless,v1.13.0,2017-04-27 12:23:47,2017-05-10 17:03:34,13,0,0,0,,CI
serverless/serverless,v1.12.1,2017-04-26 16:03:20,2017-04-27 12:23:46,0,0,0,0,,CI
serverless/serverless,v1.12.0,2017-04-12 16:07:25,2017-04-26 16:03:19,13,0,0,0,,CI
serverless/serverless,v1.11.0,2017-04-03 14:09:12,2017-04-12 16:07:24,9,0,0,0,,CI
serverless/serverless,v1.10.2,2017-03-30 15:38:32,2017-04-03 14:09:11,3,0,0,0,,CI
serverless/serverless,v1.10.1,2017-03-29 12:34:28,2017-03-30 15:38:31,1,0,0,0,,CI
serverless/serverless,v1.10.0,2017-03-14 19:55:02,2017-03-29 12:34:27,14,0,0,0,,CI
serverless/serverless,v1.9.0,2017-03-01 02:02:28,2017-03-14 19:55:01,13,0,0,0,,CI
serverless/serverless,v1.8.0,2017-02-14 15:49:20,2017-03-01 02:02:27,14,0,0,0,,CI
serverless/serverless,v1.7.0,2017-01-30 15:44:42,2017-02-14 15:49:19,15,0,0,0,,CI
serverless/serverless,v1.6.0,2017-01-19 09:10:14,2017-01-30 15:44:41,11,0,0,0,,CI
serverless/serverless,v1.5.1,2017-01-05 18:35:33,2017-01-19 09:10:13,13,0,0,0,,CI
serverless/serverless,v1.5.0,2016-12-15 17:41:12,2017-01-05 18:35:32,21,0,0,0,,CI
serverless/serverless,v1.4.0,2016-12-02 15:38:52,2016-12-15 17:41:11,13,0,0,0,,CI
serverless/serverless,v1.3.0,2016-11-22 11:35:02,2016-12-02 15:38:51,10,0,0,0,,CI
serverless/serverless,v1.2.0,2016-11-02 13:16:22,2016-11-22 11:35:01,19,0,0,0,,CI
serverless/serverless,v1.1.0,2016-10-21 11:27:39,2016-11-02 13:16:21,12,0,0,0,,CI
serverless/serverless,v1.0.3,2016-10-13 09:06:17,2016-10-21 11:27:38,8,0,0,0,,CI
serverless/serverless,v1.0.2,2016-10-13 09:05:37,2016-10-13 09:06:16,0,0,0,0,,CI
serverless/serverless,v1.0.1,2016-10-12 06:41:43,2016-10-13 09:05:36,1,0,0,0,,CI
serverless/serverless,v1.0.0,2016-04-14 08:36:45,2016-10-12 06:41:42,180,0,0,0,,CI
serverless/serverless,v0.5.5,2016-04-14 08:36:08,2016-04-14 08:36:44,0,0,0,0,,CI
serverless/serverless,v0.5.4,2016-04-14 08:25:28,2016-04-14 08:36:07,0,0,0,0,,CI
scikit-image/scikit-image,v0.26.0,2025-02-18 18:05:28,2025-12-20 17:13:44,304,0,0,0,,CI
scikit-image/scikit-image,v0.25.2,2025-01-26 18:59:20,2025-02-18 18:05:27,22,0,0,0,,CI
scikit-image/scikit-image,v0.25.1,2024-12-13 21:16:57,2025-01-26 18:59:19,43,0,0,0,,CI
scikit-image/scikit-image,v0.25.0,2024-06-18 19:05:38,2024-12-13 21:16:56,178,0,0,0,,CI
scikit-image/scikit-image,v0.24.0,2024-04-20 19:13:38,2024-06-18 19:05:37,58,0,0,0,,CI
scikit-image/scikit-image,v0.23.2,2024-04-10 19:19:27,2024-04-20 19:13:37,9,0,0,0,,CI
scikit-image/scikit-image,v0.23.1,2024-04-10 18:11:12,2024-04-10 19:19:26,0,0,0,0,,CI
scikit-image/scikit-image,v0.23.0,2023-10-03 21:36:38,2024-04-10 18:11:11,189,0,0,0,,CI
scikit-image/scikit-image,v0.22.0,2023-06-02 05:03:23,2023-10-03 21:36:37,123,0,0,0,,CI
scikit-image/scikit-image,v0.21.0,2023-02-28 23:32:36,2023-06-02 05:03:22,93,0,0,0,,CI
scikit-image/scikit-image,v0.20.0,2022-06-12 18:12:42,2023-02-28 23:32:35,261,0,0,0,,CI
scikit-image/scikit-image,v0.19.3,2022-02-17 18:25:55,2022-06-12 18:12:41,114,0,0,0,,CI
scikit-image/scikit-image,v0.19.2,2021-12-15 17:06:02,2022-02-17 18:25:54,64,0,0,0,,CI
scikit-image/scikit-image,v0.19.1,2021-12-03 08:07:18,2021-12-15 17:06:01,12,0,0,0,,CI
scikit-image/scikit-image,v0.19.0,2021-08-24 18:20:05,2021-12-03 08:07:17,100,0,0,0,,CI
scikit-image/scikit-image,v0.18.3,2021-01-19 08:17:35,2021-08-24 18:20:04,217,0,0,0,,CI
scikit-image/scikit-image,v0.18.1,2021-01-19 08:16:47,2021-01-19 08:17:34,0,0,0,0,,CI
scikit-image/scikit-image,v0.18.0,2020-07-06 09:37:08,2021-01-19 08:16:46,196,0,0,0,,CI
scikit-image/scikit-image,v0.17.2,2019-10-22 06:37:36,2020-07-06 09:37:07,258,0,0,0,,CI
scikit-image/scikit-image,v0.16.2,2019-10-14 11:14:06,2019-10-22 06:37:35,7,0,0,0,,CI
scikit-image/scikit-image,v0.16.1,2019-05-23 02:12:35,2019-10-14 11:14:05,144,0,0,0,,CI
scikit-image/scikit-image,v0.14.3,2019-05-17 03:35:49,2019-05-23 02:12:34,5,0,0,0,,CI
dropwizard/dropwizard,v5.0.1,2026-01-28 09:45:48,2026-01-28 09:46:10,0,0,0,0,,CI
dropwizard/dropwizard,v4.0.17,2026-01-28 09:45:38,2026-01-28 09:45:47,0,0,0,0,,CI
dropwizard/dropwizard,v3.0.17,2025-09-16 11:36:36,2026-01-28 09:45:37,133,0,0,0,,CI
dropwizard/dropwizard,v5.0.0,2025-08-25 23:15:13,2025-09-16 11:36:35,21,0,0,0,,CI
dropwizard/dropwizard,v4.0.16,2025-08-25 23:15:06,2025-08-25 23:15:12,0,0,0,0,,CI
dropwizard/dropwizard,v3.0.16,2025-07-24 08:15:45,2025-08-25 23:15:05,32,0,0,0,,CI
dropwizard/dropwizard,v4.0.15,2025-07-24 08:15:31,2025-07-24 08:15:44,0,0,0,0,,CI
dropwizard/dropwizard,v3.0.15,2025-05-25 20:27:22,2025-07-24 08:15:30,59,0,0,0,,CI
dropwizard/dropwizard,v4.0.14,2025-05-25 20:27:15,2025-05-25 20:27:21,0,0,0,0,,CI
dropwizard/dropwizard,v3.0.14,2025-03-27 08:01:40,2025-05-25 20:27:14,59,0,0,0,,CI
dropwizard/dropwizard,v4.0.13,2025-03-27 08:01:30,2025-03-27 08:01:39,0,0,0,0,,CI
dropwizard/dropwizard,v3.0.13,2025-01-15 22:39:57,2025-03-27 08:01:29,70,0,0,0,,CI
dropwizard/dropwizard,v4.0.12,2025-01-15 22:39:42,2025-01-15 22:39:56,0,0,0,0,,CI
dropwizard/dropwizard,v3.0.12,2024-11-27 21:58:59,2025-01-15 22:39:41,49,0,0,0,,CI
dropwizard/dropwizard,v4.0.11,2024-11-27 21:58:47,2024-11-27 21:58:58,0,0,0,0,,CI
dropwizard/dropwizard,v3.0.11,2024-10-21 17:45:52,2024-11-27 21:58:46,37,0,0,0,,CI
dropwizard/dropwizard,v4.0.10,2024-10-21 17:45:45,2024-10-21 17:45:51,0,0,0,0,,CI
dropwizard/dropwizard,v3.0.10,2024-10-07 10:13:22,2024-10-21 17:45:44,14,0,0,0,,CI
dropwizard/dropwizard,v4.0.9,2024-10-07 10:13:19,2024-10-07 10:13:21,0,0,0,0,,CI
dropwizard/dropwizard,v3.0.9,2024-08-26 12:24:55,2024-10-07 10:13:18,41,0,0,0,,CI
dropwizard/dropwizard,v4.0.8,2024-08-26 12:24:23,2024-08-26 12:24:54,0,0,0,0,,CI
dropwizard/dropwizard,v3.0.8,2024-03-06 15:32:35,2024-08-26 12:24:22,172,0,0,0,,CI
dropwizard/dropwizard,v4.0.7,2024-03-06 15:31:58,2024-03-06 15:32:34,0,0,0,0,,CI
dropwizard/dropwizard,v3.0.7,2024-02-01 00:42:13,2024-03-06 15:31:57,34,0,0,0,,CI
dropwizard/dropwizard,v2.1.12,2024-01-30 12:38:33,2024-02-01 00:42:12,1,0,0,0,,CI
dropwizard/dropwizard,v3.0.6,2024-01-30 12:38:06,2024-01-30 12:38:32,0,0,0,0,,CI
dropwizard/dropwizard,v4.0.6,2023-12-20 23:08:10,2024-01-30 12:38:05,40,0,0,0,,CI
dropwizard/dropwizard,v2.1.11,2023-12-20 23:07:54,2023-12-20 23:08:09,0,0,0,0,,CI
dropwizard/dropwizard,v3.0.5,2023-12-20 23:07:26,2023-12-20 23:07:53,0,0,0,0,,CI
dropwizard/dropwizard,v4.0.5,2023-11-06 21:57:34,2023-12-20 23:07:25,44,0,0,0,,CI
dropwizard/dropwizard,v4.0.4,2023-11-06 21:57:19,2023-11-06 21:57:33,0,0,0,0,,CI
dropwizard/dropwizard,v3.0.4,2023-11-06 21:57:03,2023-11-06 21:57:18,0,0,0,0,,CI
dropwizard/dropwizard,v2.1.10,2023-10-21 20:57:33,2023-11-06 21:57:02,16,0,0,0,,CI
dropwizard/dropwizard,v3.0.3,2023-10-20 19:31:37,2023-10-21 20:57:32,1,0,0,0,,CI
dropwizard/dropwizard,v4.0.3,2023-10-19 20:57:30,2023-10-20 19:31:36,0,0,0,0,,CI
dropwizard/dropwizard,v2.1.9,2023-09-26 06:47:30,2023-10-19 20:57:29,23,0,0,0,,CI
dropwizard/dropwizard,v2.1.8,2023-09-25 20:10:26,2023-09-26 06:47:29,0,0,0,0,,CI
dropwizard/dropwizard,v4.0.2,2023-09-25 20:10:02,2023-09-25 20:10:25,0,0,0,0,,CI
dropwizard/dropwizard,v3.0.2,2023-07-02 10:34:21,2023-09-25 20:10:01,85,0,0,0,,CI
dropwizard/dropwizard,v4.0.1,2023-07-02 10:34:12,2023-07-02 10:34:20,0,0,0,0,,CI
dropwizard/dropwizard,v3.0.1,2023-07-02 10:34:04,2023-07-02 10:34:11,0,0,0,0,,CI
dropwizard/dropwizard,v2.1.7,2023-03-30 21:59:52,2023-07-02 10:34:03,93,0,0,0,,CI
dropwizard/dropwizard,v4.0.0,2023-03-30 21:52:37,2023-03-30 21:59:51,0,0,0,0,,CI
dropwizard/dropwizard,v3.0.0,2023-03-28 22:23:58,2023-03-30 21:52:36,1,0,0,0,,CI
dropwizard/dropwizard,v2.1.6,2023-02-24 09:45:35,2023-03-28 22:23:57,32,0,0,0,,CI
dropwizard/dropwizard,v2.1.5,2022-10-20 19:57:25,2023-02-24 09:45:34,126,0,0,0,,CI
dropwizard/dropwizard,v2.1.4,2022-10-18 18:04:52,2022-10-20 19:57:24,2,0,0,0,,CI
dropwizard/dropwizard,v2.0.34,2022-10-12 21:53:56,2022-10-18 18:04:51,5,0,0,0,,CI
dropwizard/dropwizard,v2.1.3,2022-09-12 10:22:51,2022-10-12 21:53:55,30,0,0,0,,CI
dropwizard/dropwizard,v2.0.33,2022-09-12 10:06:17,2022-09-12 10:22:50,0,0,0,0,,CI
dropwizard/dropwizard,v2.1.2,2022-06-30 20:04:17,2022-09-12 10:06:16,73,0,0,0,,CI
dropwizard/dropwizard,v2.0.32,2022-06-30 19:53:49,2022-06-30 20:04:16,0,0,0,0,,CI
dropwizard/dropwizard,v2.1.1,2022-06-19 14:54:20,2022-06-30 19:53:48,11,0,0,0,,CI
dropwizard/dropwizard,v2.0.31,2022-06-19 07:37:42,2022-06-19 14:54:19,0,0,0,0,,CI
dropwizard/dropwizard,v2.0.30,2022-05-23 18:47:43,2022-06-19 07:37:41,26,0,0,0,,CI
dropwizard/dropwizard,v2.1.0,2022-04-05 16:18:04,2022-05-23 18:47:42,48,0,0,0,,CI
dropwizard/dropwizard,v2.0.29,2021-12-20 14:58:54,2022-04-05 16:18:03,106,0,0,0,,CI
dropwizard/dropwizard,v2.0.28,2021-12-16 09:08:47,2021-12-20 14:58:53,4,0,0,0,,CI
dropwizard/dropwizard,v2.0.27,2021-12-09 21:09:21,2021-12-16 09:08:46,6,0,0,0,,CI
dropwizard/dropwizard,v2.0.26,2021-09-01 15:20:05,2021-12-09 21:09:20,99,0,0,0,,CI
dropwizard/dropwizard,v2.0.25,2021-07-29 12:49:08,2021-09-01 15:20:04,34,0,0,0,,CI
dropwizard/dropwizard,v2.0.24,2021-06-21 14:24:08,2021-07-29 12:49:07,37,0,0,0,,CI
dropwizard/dropwizard,v2.0.23,2021-05-24 17:03:25,2021-06-21 14:24:07,27,0,0,0,,CI
dropwizard/dropwizard,v2.0.22,2021-04-07 14:26:36,2021-05-24 17:03:24,47,0,0,0,,CI
dropwizard/dropwizard,v2.0.21,2021-02-24 12:20:12,2021-04-07 14:26:35,42,0,0,0,,CI
dropwizard/dropwizard,v2.0.20,2021-02-01 10:47:23,2021-02-24 12:20:11,23,0,0,0,,CI
dropwizard/dropwizard,v2.0.19,2021-01-12 07:06:11,2021-02-01 10:47:22,20,0,0,0,,CI
dropwizard/dropwizard,v2.0.18,2021-01-06 15:11:05,2021-01-12 07:06:10,5,0,0,0,,CI
dropwizard/dropwizard,v1.3.29,2020-12-14 21:03:15,2021-01-06 15:11:04,22,0,0,0,,CI
dropwizard/dropwizard,v2.0.17,2020-12-08 15:12:03,2020-12-14 21:03:14,6,0,0,0,,CI
dropwizard/dropwizard,v1.3.28,2020-11-26 20:20:38,2020-12-08 15:12:02,11,0,0,0,,CI
dropwizard/dropwizard,v2.0.16,2020-11-03 18:14:51,2020-11-26 20:20:37,23,0,0,0,,CI
dropwizard/dropwizard,v2.0.15,2020-10-28 20:59:30,2020-11-03 18:14:50,5,0,0,0,,CI
dropwizard/dropwizard,v1.3.27,2020-10-22 15:51:33,2020-10-28 20:59:29,6,0,0,0,,CI
dropwizard/dropwizard,v1.3.26,2020-10-22 14:15:24,2020-10-22 15:51:32,0,0,0,0,,CI
dropwizard/dropwizard,v2.0.14,2020-08-31 13:22:45,2020-10-22 14:15:23,52,0,0,0,,CI
dropwizard/dropwizard,v1.3.25,2020-08-31 12:54:07,2020-08-31 13:22:44,0,0,0,0,,CI
dropwizard/dropwizard,v2.0.13,2020-07-21 11:43:22,2020-08-31 12:54:06,41,0,0,0,,CI
dropwizard/dropwizard,v2.0.12,2020-07-21 11:41:18,2020-07-21 11:43:21,0,0,0,0,,CI
dropwizard/dropwizard,v2.0.11,2020-07-03 08:02:36,2020-07-21 11:41:17,18,0,0,0,,CI
dropwizard/dropwizard,v1.3.24,2020-05-26 13:19:03,2020-07-03 08:02:35,37,0,0,0,,CI
dropwizard/dropwizard,v2.0.10,2020-05-04 06:09:07,2020-05-26 13:19:02,22,0,0,0,,CI
dropwizard/dropwizard,v2.0.9,2020-04-14 18:54:18,2020-05-04 06:09:06,19,0,0,0,,CI
dropwizard/dropwizard,v2.0.8,2020-04-14 18:31:27,2020-04-14 18:54:17,0,0,0,0,,CI
dropwizard/dropwizard,v1.3.23,2020-04-14 18:30:43,2020-04-14 18:31:26,0,0,0,0,,CI
dropwizard/dropwizard,v2.0.7,2020-04-04 16:05:24,2020-04-14 18:30:42,10,0,0,0,,CI
dropwizard/dropwizard,v1.3.22,2020-04-04 15:53:31,2020-04-04 16:05:23,0,0,0,0,,CI
dropwizard/dropwizard,v2.0.6,2020-03-29 11:20:33,2020-04-04 15:53:30,6,0,0,0,,CI
dropwizard/dropwizard,v2.0.5,2020-03-27 21:12:28,2020-03-29 11:20:32,1,0,0,0,,CI
dropwizard/dropwizard,v2.0.4,2020-03-27 07:02:37,2020-03-27 21:12:27,0,0,0,0,,CI
dropwizard/dropwizard,v2.0.3,2020-03-27 06:57:03,2020-03-27 07:02:36,0,0,0,0,,CI
dropwizard/dropwizard,v1.3.21,2020-02-24 16:44:31,2020-03-27 06:57:02,31,0,0,0,,CI
dropwizard/dropwizard,v1.3.20,2020-02-24 15:36:28,2020-02-24 16:44:30,0,0,0,0,,CI
dropwizard/dropwizard,v2.0.2,2020-02-24 15:36:17,2020-02-24 15:36:27,0,0,0,0,,CI
dropwizard/dropwizard,v1.3.19,2020-01-30 21:58:29,2020-02-24 15:36:16,24,0,0,0,,CI
dropwizard/dropwizard,v2.0.1,2020-01-30 20:43:36,2020-01-30 21:58:28,0,0,0,0,,CI
dropwizard/dropwizard,v1.3.18,2019-12-10 07:12:51,2020-01-30 20:43:35,51,0,0,0,,CI
dropwizard/dropwizard,v2.0.0,2019-11-24 11:34:27,2019-12-10 07:12:50,15,0,0,0,,CI
dropwizard/dropwizard,v1.3.17,2019-10-20 20:36:20,2019-11-24 11:34:26,34,0,0,0,,CI
dropwizard/dropwizard,v1.3.16,2019-09-27 19:30:01,2019-10-20 20:36:19,23,0,0,0,,CI
dropwizard/dropwizard,v1.3.15,2019-08-18 15:50:19,2019-09-27 19:30:00,40,0,0,0,,CI
dropwizard/dropwizard,v1.3.14,2019-07-16 20:18:00,2019-08-18 15:50:18,32,0,0,0,,CI
dropwizard/dropwizard,v1.3.13,2019-05-25 18:54:32,2019-07-16 20:17:59,52,0,0,0,,CI
dropwizard/dropwizard,v1.3.12,2019-05-18 16:07:08,2019-05-25 18:54:31,7,0,0,0,,CI
dropwizard/dropwizard,v1.3.11,2019-05-05 22:47:09,2019-05-18 16:07:07,12,0,0,0,,CI
dropwizard/dropwizard,v1.3.10,2019-02-24 01:08:36,2019-05-05 22:47:08,70,0,0,0,,CI
dropwizard/dropwizard,v1.3.9,2019-01-05 13:37:36,2019-02-24 01:08:35,49,0,0,0,,CI
dropwizard/dropwizard,v1.3.8,2018-10-14 09:14:25,2019-01-05 13:37:35,83,0,0,0,,CI
dropwizard/dropwizard,v1.3.7,2018-10-01 07:34:00,2018-10-14 09:14:24,13,0,0,0,,CI
dropwizard/dropwizard,v1.3.6,2018-10-01 07:32:46,2018-10-01 07:33:59,0,0,0,0,,CI
dropwizard/dropwizard,v1.2.9,2018-07-02 07:18:33,2018-10-01 07:32:45,91,0,0,0,,CI
dropwizard/dropwizard,v1.3.5,2018-06-25 19:42:40,2018-07-02 07:18:32,6,0,0,0,,CI
dropwizard/dropwizard,v1.1.8,2018-06-25 19:42:14,2018-06-25 19:42:39,0,0,0,0,,CI
dropwizard/dropwizard,v1.2.8,2018-06-15 09:33:41,2018-06-25 19:42:13,10,0,0,0,,CI
dropwizard/dropwizard,v1.3.4,2018-06-15 08:17:47,2018-06-15 09:33:40,0,0,0,0,,CI
dropwizard/dropwizard,v1.2.7,2018-06-06 21:01:19,2018-06-15 08:17:46,8,0,0,0,,CI
dropwizard/dropwizard,v1.3.3,2018-05-11 22:27:36,2018-06-06 21:01:18,25,0,0,0,,CI
dropwizard/dropwizard,v1.3.2,2018-05-11 22:27:12,2018-05-11 22:27:35,0,0,0,0,,CI
dropwizard/dropwizard,v1.2.6,2018-04-04 19:14:28,2018-05-11 22:27:11,37,0,0,0,,CI
dropwizard/dropwizard,v1.3.1,2018-04-04 19:14:20,2018-04-04 19:14:27,0,0,0,0,,CI
dropwizard/dropwizard,v1.2.5,2018-03-14 20:59:34,2018-04-04 19:14:19,20,0,0,0,,CI
dropwizard/dropwizard,v1.3.0,2018-02-23 11:18:57,2018-03-14 20:59:33,19,0,0,0,,CI
dropwizard/dropwizard,v1.2.4,2018-02-23 11:18:29,2018-02-23 11:18:56,0,0,0,0,,CI
dropwizard/dropwizard,v1.1.7,2018-01-24 21:39:41,2018-02-23 11:18:28,29,0,0,0,,CI
dropwizard/dropwizard,v1.2.3,2017-11-27 08:31:44,2018-01-24 21:39:40,58,0,0,0,,CI
dropwizard/dropwizard,v1.2.2,2017-11-22 14:14:46,2017-11-27 08:31:43,4,0,0,0,,CI
dropwizard/dropwizard,v1.2.1,2017-11-02 13:43:08,2017-11-22 14:14:45,20,0,0,0,,CI
dropwizard/dropwizard,v1.1.6,2017-10-31 00:59:17,2017-11-02 13:43:07,2,0,0,0,,CI
dropwizard/dropwizard,v1.1.5,2017-10-06 13:55:11,2017-10-31 00:59:16,24,0,0,0,,CI
dropwizard/dropwizard,v1.2.0,2017-07-31 12:38:52,2017-10-06 13:55:10,67,0,0,0,,CI
dropwizard/dropwizard,v1.1.3,2017-07-31 12:37:49,2017-07-31 12:38:51,0,0,0,0,,CI
dropwizard/dropwizard,v1.0.9,2017-07-04 19:19:53,2017-07-31 12:37:48,26,0,0,0,,CI
dropwizard/dropwizard,v1.1.2,2017-07-04 19:18:53,2017-07-04 19:19:52,0,0,0,0,,CI
dropwizard/dropwizard,v1.0.8,2017-05-19 13:38:09,2017-07-04 19:18:52,46,0,0,0,,CI
dropwizard/dropwizard,v1.1.1,2017-03-22 09:48:19,2017-05-19 13:38:08,58,0,0,0,,CI
dropwizard/dropwizard,v1.1.0,2017-03-20 18:58:29,2017-03-22 09:48:18,1,0,0,0,,CI
dropwizard/dropwizard,v1.0.7,2017-01-30 19:26:34,2017-03-20 18:58:28,48,0,0,0,,CI
dropwizard/dropwizard,v1.0.6,2016-11-19 23:29:26,2017-01-30 19:26:33,71,0,0,0,,CI
dropwizard/dropwizard,v1.0.5,2016-11-15 16:43:35,2016-11-19 23:29:25,4,0,0,0,,CI
dropwizard/dropwizard,v1.0.4,2016-10-31 07:42:07,2016-11-15 16:43:34,15,0,0,0,,CI
dropwizard/dropwizard,v1.0.3,2016-09-23 18:27:24,2016-10-31 07:42:06,37,0,0,0,,CI
dropwizard/dropwizard,v1.0.2,2016-09-21 18:15:05,2016-09-23 18:27:23,2,0,0,0,,CI
dropwizard/dropwizard,v1.0.1,2016-07-27 14:31:16,2016-09-21 18:15:04,56,0,0,0,,CI
dropwizard/dropwizard,v1.0.0,2016-06-22 06:20:02,2016-07-27 14:31:15,35,0,0,0,,CI
dropwizard/dropwizard,v0.9.3,2016-01-20 09:39:16,2016-06-22 06:20:01,153,0,0,0,,CI
dropwizard/dropwizard,v0.9.2,2015-11-03 16:52:28,2016-01-20 09:39:15,77,0,0,0,,CI
dropwizard/dropwizard,v0.8.5,2015-11-03 16:51:29,2015-11-03 16:52:27,0,0,0,0,,CI
dropwizard/dropwizard,v0.9.1,2015-10-28 17:06:52,2015-11-03 16:51:28,5,0,0,0,,CI
dropwizard/dropwizard,v0.9.0,2015-08-26 02:02:36,2015-10-28 17:06:51,63,0,0,0,,CI
dropwizard/dropwizard,v0.8.4,2015-08-25 21:43:13,2015-08-26 02:02:35,0,0,0,0,,CI
dropwizard/dropwizard,v0.8.3,2015-08-25 21:41:49,2015-08-25 21:43:12,0,0,0,0,,CI
dropwizard/dropwizard,v0.8.2,2015-04-12 15:44:34,2015-08-25 21:41:48,135,0,0,0,,CI
dropwizard/dropwizard,v0.8.1,2015-03-06 15:50:01,2015-04-12 15:44:33,36,0,0,0,,CI
dropwizard/dropwizard,v0.8.0,2015-03-05 15:38:34,2015-03-06 15:50:00,1,0,0,0,,CI
bundler/bundler,v2.1.4,2020-01-02 12:28:04,2020-01-05 18:18:48,3,0,0,0,,CI
bundler/bundler,v2.1.3,2019-12-20 00:43:01,2020-01-02 12:28:03,13,0,0,0,,CI
bundler/bundler,v2.1.2,2019-12-19 17:29:12,2019-12-20 00:43:00,0,0,0,0,,CI
bundler/bundler,v2.1.1,2019-12-15 15:17:10,2019-12-19 17:29:11,4,0,0,0,,CI
bundler/bundler,v2.1.0,2019-06-13 09:16:25,2019-12-15 15:17:09,185,0,0,0,,CI
bundler/bundler,v2.0.2,2019-01-04 00:56:11,2019-06-13 09:16:24,160,0,0,0,,CI
bundler/bundler,v2.0.1,2019-01-03 05:40:35,2019-01-04 00:56:10,0,0,0,0,,CI
bundler/bundler,v2.0.0,2018-12-27 04:15:48,2019-01-03 05:40:34,7,0,0,0,,CI
bundler/bundler,v1.17.3,2018-12-11 10:34:55,2018-12-27 04:15:47,15,0,0,0,,CI
bundler/bundler,v1.17.2,2018-10-25 20:46:54,2018-12-11 10:34:54,46,0,0,0,,CI
bundler/bundler,v1.17.1,2018-10-25 01:35:26,2018-10-25 20:46:53,0,0,0,0,,CI
bundler/bundler,v1.17.0,2018-10-05 06:10:43,2018-10-25 01:35:25,19,0,0,0,,CI
bundler/bundler,v1.16.6,2018-09-18 13:03:16,2018-10-05 06:10:42,16,0,0,0,,CI
bundler/bundler,v1.16.5,2018-08-20 12:41:47,2018-09-18 13:03:15,29,0,0,0,,CI
bundler/bundler,v1.16.4,2018-07-17 05:01:45,2018-08-20 12:41:46,34,0,0,0,,CI
bundler/bundler,v1.16.3,2018-05-16 22:47:21,2018-07-17 05:01:44,61,0,0,0,,CI
bundler/bundler,v1.16.2,2017-12-26 01:12:39,2018-05-16 22:47:20,141,0,0,0,,CI
bundler/bundler,v1.16.1,2017-10-31 19:32:42,2017-12-26 01:12:38,55,0,0,0,,CI
bundler/bundler,v1.16.0,2017-08-28 03:19:17,2017-10-31 19:32:41,64,0,0,0,,CI
bundler/bundler,v1.9.9,2017-08-28 03:19:16,2017-08-28 03:19:16,0,0,0,0,,CI
bundler/bundler,v1.9.8,2017-08-28 03:19:16,2017-08-28 03:19:15,0,0,0,0,,CI
bundler/bundler,v1.9.7,2017-08-28 03:19:16,2017-08-28 03:19:15,0,0,0,0,,CI
bundler/bundler,v1.9.6,2017-08-28 03:19:16,2017-08-28 03:19:15,0,0,0,0,,CI
bundler/bundler,v1.9.5,2017-08-28 03:19:15,2017-08-28 03:19:15,0,0,0,0,,CI
bundler/bundler,v1.9.10,2017-08-28 03:19:15,2017-08-28 03:19:14,0,0,0,0,,CI
bundler/bundler,v1.9.4,2017-08-28 03:19:15,2017-08-28 03:19:14,0,0,0,0,,CI
bundler/bundler,v1.9.3,2017-08-28 03:19:15,2017-08-28 03:19:14,0,0,0,0,,CI
bundler/bundler,v1.9.2,2017-08-28 03:19:15,2017-08-28 03:19:14,0,0,0,0,,CI
bundler/bundler,v1.9.1,2017-08-28 03:19:14,2017-08-28 03:19:14,0,0,0,0,,CI
bundler/bundler,v1.8.9,2017-08-28 03:19:14,2017-08-28 03:19:13,0,0,0,0,,CI
bundler/bundler,v1.9.0,2017-08-28 03:19:13,2017-08-28 03:19:13,0,0,0,0,,CI
bundler/bundler,v1.8.8,2017-08-28 03:19:13,2017-08-28 03:19:12,0,0,0,0,,CI
bundler/bundler,v1.8.7,2017-08-28 03:19:13,2017-08-28 03:19:12,0,0,0,0,,CI
bundler/bundler,v1.8.6,2017-08-28 03:19:13,2017-08-28 03:19:12,0,0,0,0,,CI
bundler/bundler,v1.8.5,2017-08-28 03:19:12,2017-08-28 03:19:12,0,0,0,0,,CI
bundler/bundler,v1.8.4,2017-08-28 03:19:12,2017-08-28 03:19:11,0,0,0,0,,CI
bundler/bundler,v1.8.3,2017-08-28 03:19:12,2017-08-28 03:19:11,0,0,0,0,,CI
bundler/bundler,v1.8.2,2017-08-28 03:19:12,2017-08-28 03:19:11,0,0,0,0,,CI
bundler/bundler,v1.8.1,2017-08-28 03:19:11,2017-08-28 03:19:11,0,0,0,0,,CI
bundler/bundler,v1.8.0,2017-08-28 03:19:11,2017-08-28 03:19:10,0,0,0,0,,CI
bundler/bundler,v1.7.9,2017-08-28 03:19:10,2017-08-28 03:19:10,0,0,0,0,,CI
bundler/bundler,v1.7.8,2017-08-28 03:19:10,2017-08-28 03:19:09,0,0,0,0,,CI
bundler/bundler,v1.7.7,2017-08-28 03:19:10,2017-08-28 03:19:09,0,0,0,0,,CI
bundler/bundler,v1.7.6,2017-08-28 03:19:10,2017-08-28 03:19:09,0,0,0,0,,CI
bundler/bundler,v1.7.5,2017-08-28 03:19:09,2017-08-28 03:19:09,0,0,0,0,,CI
bundler/bundler,v1.7.15,2017-08-28 03:19:09,2017-08-28 03:19:08,0,0,0,0,,CI
bundler/bundler,v1.7.4,2017-08-28 03:19:09,2017-08-28 03:19:08,0,0,0,0,,CI
bundler/bundler,v1.7.3,2017-08-28 03:19:09,2017-08-28 03:19:08,0,0,0,0,,CI
bundler/bundler,v1.7.2,2017-08-28 03:19:08,2017-08-28 03:19:08,0,0,0,0,,CI
bundler/bundler,v1.7.14,2017-08-28 03:19:08,2017-08-28 03:19:07,0,0,0,0,,CI
bundler/bundler,v1.7.13,2017-08-28 03:19:08,2017-08-28 03:19:07,0,0,0,0,,CI
bundler/bundler,v1.7.12,2017-08-28 03:19:08,2017-08-28 03:19:07,0,0,0,0,,CI
bundler/bundler,v1.7.11,2017-08-28 03:19:07,2017-08-28 03:19:07,0,0,0,0,,CI
bundler/bundler,v1.7.10,2017-08-28 03:18:46,2017-08-28 03:19:06,0,0,0,0,,CI
bundler/bundler,v1.7.1,2017-08-28 03:18:46,2017-08-28 03:18:45,0,0,0,0,,CI
bundler/bundler,v1.7.0,2017-08-28 03:18:32,2017-08-28 03:18:45,0,0,0,0,,CI
bundler/bundler,v1.6.7,2017-08-28 03:18:32,2017-08-28 03:18:31,0,0,0,0,,CI
bundler/bundler,v1.6.6,2017-08-28 03:18:32,2017-08-28 03:18:31,0,0,0,0,,CI
bundler/bundler,v1.6.5,2017-08-28 03:18:32,2017-08-28 03:18:31,0,0,0,0,,CI
bundler/bundler,v1.6.4,2017-08-28 03:18:32,2017-08-28 03:18:31,0,0,0,0,,CI
bundler/bundler,v1.6.3,2017-08-28 03:18:31,2017-08-28 03:18:31,0,0,0,0,,CI
bundler/bundler,v1.6.2,2017-08-28 03:18:31,2017-08-28 03:18:30,0,0,0,0,,CI
bundler/bundler,v1.6.1,2017-08-28 03:18:04,2017-08-28 03:18:30,0,0,0,0,,CI
bundler/bundler,v1.6.0,2017-08-28 03:18:04,2017-08-28 03:18:03,0,0,0,0,,CI
bundler/bundler,v1.5.3,2017-08-28 03:18:03,2017-08-28 03:18:03,0,0,0,0,,CI
bundler/bundler,v1.5.2,2017-08-28 03:18:03,2017-08-28 03:18:02,0,0,0,0,,CI
bundler/bundler,v1.5.1,2017-08-28 03:18:02,2017-08-28 03:18:02,0,0,0,0,,CI
bundler/bundler,v1.5.0,2017-08-28 03:17:22,2017-08-28 03:18:01,0,0,0,0,,CI
bundler/bundler,v1.3.6,2017-08-28 03:17:22,2017-08-28 03:17:21,0,0,0,0,,CI
bundler/bundler,v1.3.5,2017-08-28 03:17:21,2017-08-28 03:17:21,0,0,0,0,,CI
bundler/bundler,v1.3.4,2017-08-28 03:17:21,2017-08-28 03:17:20,0,0,0,0,,CI
bundler/bundler,v1.3.3,2017-08-28 03:17:21,2017-08-28 03:17:20,0,0,0,0,,CI
bundler/bundler,v1.3.2,2017-08-28 03:17:21,2017-08-28 03:17:20,0,0,0,0,,CI
bundler/bundler,v1.3.1,2017-08-28 03:17:19,2017-08-28 03:17:20,0,0,0,0,,CI
bundler/bundler,v1.3.0,2017-08-28 03:17:19,2017-08-28 03:17:18,0,0,0,0,,CI
bundler/bundler,v1.2.5,2017-08-28 03:17:18,2017-08-28 03:17:18,0,0,0,0,,CI
bundler/bundler,v1.2.4,2017-08-28 03:17:18,2017-08-28 03:17:17,0,0,0,0,,CI
bundler/bundler,v1.2.3,2017-08-28 03:17:18,2017-08-28 03:17:17,0,0,0,0,,CI
bundler/bundler,v1.2.2,2017-08-28 03:17:18,2017-08-28 03:17:17,0,0,0,0,,CI
bundler/bundler,v1.2.1,2017-08-28 03:17:16,2017-08-28 03:17:17,0,0,0,0,,CI
bundler/bundler,v1.15.4,2017-08-28 03:17:16,2017-08-28 03:17:15,0,0,0,0,,CI
bundler/bundler,v1.15.3,2017-08-28 03:17:16,2017-08-28 03:17:15,0,0,0,0,,CI
bundler/bundler,v1.15.2,2017-08-28 03:17:16,2017-08-28 03:17:15,0,0,0,0,,CI
bundler/bundler,v1.2.0,2017-08-28 03:17:15,2017-08-28 03:17:15,0,0,0,0,,CI
bundler/bundler,v1.15.1,2017-08-28 03:17:14,2017-08-28 03:17:14,0,0,0,0,,CI
bundler/bundler,v1.15.0,2017-08-28 03:17:13,2017-08-28 03:17:13,0,0,0,0,,CI
bundler/bundler,v1.14.6,2017-08-28 03:17:13,2017-08-28 03:17:12,0,0,0,0,,CI
bundler/bundler,v1.14.5,2017-08-28 03:17:13,2017-08-28 03:17:12,0,0,0,0,,CI
bundler/bundler,v1.14.4,2017-08-28 03:17:13,2017-08-28 03:17:12,0,0,0,0,,CI
bundler/bundler,v1.14.3,2017-08-28 03:17:12,2017-08-28 03:17:12,0,0,0,0,,CI
bundler/bundler,v1.14.2,2017-08-28 03:17:12,2017-08-28 03:17:11,0,0,0,0,,CI
bundler/bundler,v1.14.1,2017-08-28 03:17:12,2017-08-28 03:17:11,0,0,0,0,,CI
bundler/bundler,v1.14.0,2017-08-28 03:17:11,2017-08-28 03:17:11,0,0,0,0,,CI
bundler/bundler,v1.13.7,2017-08-28 03:17:11,2017-08-28 03:17:10,0,0,0,0,,CI
bundler/bundler,v1.13.6,2017-08-28 03:17:11,2017-08-28 03:17:10,0,0,0,0,,CI
bundler/bundler,v1.13.5,2017-08-28 03:17:11,2017-08-28 03:17:10,0,0,0,0,,CI
bundler/bundler,v1.13.4,2017-08-28 03:17:11,2017-08-28 03:17:10,0,0,0,0,,CI
bundler/bundler,v1.13.3,2017-08-28 03:17:10,2017-08-28 03:17:10,0,0,0,0,,CI
bundler/bundler,v1.13.2,2017-08-28 03:17:10,2017-08-28 03:17:09,0,0,0,0,,CI
bundler/bundler,v1.13.1,2017-08-28 03:17:09,2017-08-28 03:17:09,0,0,0,0,,CI
bundler/bundler,v1.12.6,2017-08-28 03:17:09,2017-08-28 03:17:08,0,0,0,0,,CI
bundler/bundler,v1.13.0,2017-08-28 03:17:09,2017-08-28 03:17:08,0,0,0,0,,CI
bundler/bundler,v1.12.5,2017-08-28 03:17:08,2017-08-28 03:17:08,0,0,0,0,,CI
bundler/bundler,v1.12.4,2017-08-28 03:17:08,2017-08-28 03:17:07,0,0,0,0,,CI
bundler/bundler,v1.12.3,2017-08-28 03:17:08,2017-08-28 03:17:07,0,0,0,0,,CI
bundler/bundler,v1.12.2,2017-08-28 03:17:08,2017-08-28 03:17:07,0,0,0,0,,CI
bundler/bundler,v1.12.1,2017-08-28 03:17:06,2017-08-28 03:17:07,0,0,0,0,,CI
bundler/bundler,v1.12.0,2017-08-28 03:17:06,2017-08-28 03:17:05,0,0,0,0,,CI
bundler/bundler,v1.11.2,2017-08-28 03:17:06,2017-08-28 03:17:05,0,0,0,0,,CI
bundler/bundler,v1.11.1,2017-08-28 03:17:05,2017-08-28 03:17:05,0,0,0,0,,CI
bundler/bundler,v1.11.0,2017-08-28 03:17:04,2017-08-28 03:17:04,0,0,0,0,,CI
bundler/bundler,v1.10.6,2017-08-28 03:17:04,2017-08-28 03:17:03,0,0,0,0,,CI
bundler/bundler,v1.10.5,2017-08-28 03:17:04,2017-08-28 03:17:03,0,0,0,0,,CI
bundler/bundler,v1.10.4,2017-08-28 03:17:04,2017-08-28 03:17:03,0,0,0,0,,CI
bundler/bundler,v1.10.3,2017-08-28 03:17:03,2017-08-28 03:17:03,0,0,0,0,,CI
bundler/bundler,v1.10.2,2017-08-28 03:17:03,2017-08-28 03:17:02,0,0,0,0,,CI
bundler/bundler,v1.10.1,2017-08-28 03:17:02,2017-08-28 03:17:02,0,0,0,0,,CI
bundler/bundler,v1.10.0,2017-08-28 03:15:39,2017-08-28 03:17:01,0,0,0,0,,CI
bundler/bundler,v1.1.5,2017-08-28 03:15:39,2017-08-28 03:15:38,0,0,0,0,,CI
bundler/bundler,v1.1.4,2017-08-28 03:15:39,2017-08-28 03:15:38,0,0,0,0,,CI
bundler/bundler,v1.1.3,2017-08-28 03:15:39,2017-08-28 03:15:38,0,0,0,0,,CI
bundler/bundler,v1.1.2,2017-08-28 03:15:38,2017-08-28 03:15:38,0,0,0,0,,CI
bundler/bundler,v1.1.1,2017-08-28 03:15:38,2017-08-28 03:15:37,0,0,0,0,,CI
bundler/bundler,v1.1.0,2017-08-28 03:15:38,2017-08-28 03:15:37,0,0,0,0,,CI
bundler/bundler,v1.0.9,2017-08-28 03:15:38,2017-08-28 03:15:37,0,0,0,0,,CI
bundler/bundler,v1.0.8,2017-08-28 03:15:37,2017-08-28 03:15:37,0,0,0,0,,CI
bundler/bundler,v1.0.7,2017-08-28 03:15:37,2017-08-28 03:15:36,0,0,0,0,,CI
bundler/bundler,v1.0.6,2017-08-28 03:15:37,2017-08-28 03:15:36,0,0,0,0,,CI
bundler/bundler,v1.0.5,2017-08-28 03:15:37,2017-08-28 03:15:36,0,0,0,0,,CI
bundler/bundler,v1.0.4,2017-08-28 03:15:36,2017-08-28 03:15:36,0,0,0,0,,CI
bundler/bundler,v1.0.3,2017-08-28 03:13:44,2017-08-28 03:15:35,0,0,0,0,,CI
bundler/bundler,v1.0.21,2017-08-28 03:13:44,2017-08-28 03:13:43,0,0,0,0,,CI
bundler/bundler,v1.0.20,2017-08-28 03:13:43,2017-08-28 03:13:43,0,0,0,0,,CI
bundler/bundler,v1.0.18,2017-08-28 03:13:43,2017-08-28 03:13:42,0,0,0,0,,CI
bundler/bundler,v1.0.2,2017-08-28 03:13:42,2017-08-28 03:13:42,0,0,0,0,,CI
bundler/bundler,v1.0.17,2017-08-28 03:13:42,2017-08-28 03:13:41,0,0,0,0,,CI
bundler/bundler,v1.0.16,2017-08-28 03:13:42,2017-08-28 03:13:41,0,0,0,0,,CI
bundler/bundler,v1.0.15,2017-08-28 03:13:42,2017-08-28 03:13:41,0,0,0,0,,CI
bundler/bundler,v1.0.14,2017-08-28 03:13:41,2017-08-28 03:13:41,0,0,0,0,,CI
bundler/bundler,v1.0.13,2017-08-28 03:13:41,2017-08-28 03:13:40,0,0,0,0,,CI
bundler/bundler,v1.0.12,2017-08-28 03:13:40,2017-08-28 03:13:40,0,0,0,0,,CI
bundler/bundler,v1.0.11,2017-08-28 03:13:40,2017-08-28 03:13:39,0,0,0,0,,CI
bundler/bundler,v1.0.10,2017-08-28 03:13:40,2017-08-28 03:13:39,0,0,0,0,,CI
bundler/bundler,v1.0.1,2017-08-28 03:13:40,2017-08-28 03:13:39,0,0,0,0,,CI
bundler/bundler,v1.0.0,2010-10-02 06:24:48,2017-08-28 03:13:39,2521,0,0,0,,CI
laravel/laravel,v12.11.2,2026-01-06 16:32:58,2026-01-20 17:30:33,14,0,0,0,,CI
laravel/laravel,v12.11.1,2025-12-09 16:03:09,2026-01-06 16:32:57,28,0,0,0,,CI
laravel/laravel,v12.11.0,2025-11-12 17:01:31,2025-12-09 16:03:08,26,0,0,0,,CI
laravel/laravel,v12.10.1,2025-11-04 15:49:00,2025-11-12 17:01:30,8,0,0,0,,CI
laravel/laravel,v12.10.0,2025-10-28 15:32:35,2025-11-04 15:48:59,7,0,0,0,,CI
laravel/laravel,v12.9.1,2025-10-21 15:28:03,2025-10-28 15:32:34,7,0,0,0,,CI
laravel/laravel,v12.9.0,2025-10-21 15:24:36,2025-10-21 15:28:02,0,0,0,0,,CI
laravel/laravel,v12.8.0,2025-10-15 12:57:41,2025-10-21 15:24:35,6,0,0,0,,CI
laravel/laravel,v12.7.1,2025-10-14 14:11:39,2025-10-15 12:57:40,0,0,0,0,,CI
laravel/laravel,v12.7.0,2025-10-07 14:49:05,2025-10-14 14:11:38,6,0,0,0,,CI
laravel/laravel,v12.6.0,2025-09-30 10:36:36,2025-10-07 14:49:04,7,0,0,0,,CI
laravel/laravel,v12.5.0,2025-09-02 15:49:51,2025-09-30 10:36:35,27,0,0,0,,CI
laravel/laravel,v12.4.0,2025-08-21 14:55:12,2025-09-02 15:49:50,12,0,0,0,,CI
laravel/laravel,v12.3.1,2025-08-07 17:46:26,2025-08-21 14:55:11,13,0,0,0,,CI
laravel/laravel,v12.3.0,2025-07-22 15:56:50,2025-08-07 17:46:25,16,0,0,0,,CI
laravel/laravel,v12.2.0,2025-07-08 15:10:45,2025-07-22 15:56:49,14,0,0,0,,CI
laravel/laravel,v12.1.0,2025-06-17 17:12:57,2025-07-08 15:10:44,20,0,0,0,,CI
laravel/laravel,v12.0.11,2025-06-10 15:09:48,2025-06-17 17:12:56,7,0,0,0,,CI
laravel/laravel,v12.0.10,2025-05-27 16:03:47,2025-06-10 15:09:47,13,0,0,0,,CI
laravel/laravel,v12.0.9,2025-05-13 14:47:06,2025-05-27 16:03:46,14,0,0,0,,CI
laravel/laravel,v12.0.8,2025-04-15 15:45:47,2025-05-13 14:47:05,27,0,0,0,,CI
laravel/laravel,v12.0.7,2025-04-08 18:50:27,2025-04-15 15:45:46,6,0,0,0,,CI
laravel/laravel,v12.0.6,2025-04-08 18:47:14,2025-04-08 18:50:26,0,0,0,0,,CI
laravel/laravel,v12.0.5,2025-04-01 14:58:46,2025-04-08 18:47:13,7,0,0,0,,CI
laravel/laravel,v12.0.4,2025-03-18 14:01:37,2025-04-01 14:58:45,14,0,0,0,,CI
laravel/laravel,v12.0.3,2025-03-04 16:28:25,2025-03-18 14:01:36,13,0,0,0,,CI
laravel/laravel,v12.0.2,2025-02-24 15:41:07,2025-03-04 16:28:24,8,0,0,0,,CI
laravel/laravel,v12.0.1,2025-02-24 13:20:14,2025-02-24 15:41:06,0,0,0,0,,CI
laravel/laravel,v12.0.0,2025-01-28 16:01:08,2025-02-24 13:20:13,26,0,0,0,,CI
laravel/laravel,v11.6.1,2025-01-21 15:08:25,2025-01-28 16:01:07,7,0,0,0,,CI
laravel/laravel,v11.6.0,2025-01-14 15:59:32,2025-01-21 15:08:24,6,0,0,0,,CI
laravel/laravel,v11.5.1,2024-12-17 18:27:18,2025-01-14 15:59:31,27,0,0,0,,CI
laravel/laravel,v11.5.0,2024-12-10 16:20:24,2024-12-17 18:27:17,7,0,0,0,,CI
laravel/laravel,v11.4.0,2024-11-19 20:51:41,2024-12-10 16:20:23,20,0,0,0,,CI
laravel/laravel,v11.3.3,2024-10-22 14:22:47,2024-11-19 20:51:40,28,0,0,0,,CI
laravel/laravel,v11.3.2,2024-10-15 20:04:10,2024-10-22 14:22:46,6,0,0,0,,CI
laravel/laravel,v11.3.1,2024-10-15 14:28:47,2024-10-15 20:04:09,0,0,0,0,,CI
laravel/laravel,v11.3.0,2024-10-08 16:08:25,2024-10-15 14:28:46,6,0,0,0,,CI
laravel/laravel,v11.2.1,2024-09-11 21:34:03,2024-10-08 16:08:24,26,0,0,0,,CI
laravel/laravel,v11.2.0,2024-09-03 15:32:07,2024-09-11 21:34:02,8,0,0,0,,CI
laravel/laravel,v11.1.5,2024-07-16 14:40:31,2024-09-03 15:32:06,49,0,0,0,,CI
laravel/laravel,v11.1.4,2024-07-09 16:00:45,2024-07-16 14:40:30,6,0,0,0,,CI
laravel/laravel,v11.1.3,2024-07-02 18:12:00,2024-07-09 16:00:44,6,0,0,0,,CI
laravel/laravel,v11.1.2,2024-06-04 13:56:30,2024-07-02 18:11:59,28,0,0,0,,CI
laravel/laravel,v11.1.1,2024-05-28 16:01:34,2024-06-04 13:56:29,6,0,0,0,,CI
laravel/laravel,v11.1.0,2024-05-21 18:12:03,2024-05-28 16:01:33,6,0,0,0,,CI
laravel/laravel,v11.0.9,2024-05-14 15:39:59,2024-05-21 18:12:02,7,0,0,0,,CI
laravel/laravel,v11.0.8,2024-05-07 14:18:10,2024-05-14 15:39:58,7,0,0,0,,CI
laravel/laravel,v11.0.7,2024-04-09 15:49:54,2024-05-07 14:18:09,27,0,0,0,,CI
laravel/laravel,v11.0.6,2024-04-02 14:37:44,2024-04-09 15:49:53,7,0,0,0,,CI
laravel/laravel,v11.0.5,2024-03-26 16:47:58,2024-04-02 14:37:43,6,0,0,0,,CI
laravel/laravel,v11.0.4,2024-03-14 13:51:50,2024-03-26 16:47:57,12,0,0,0,,CI
laravel/laravel,v11.0.3,2024-03-13 16:43:47,2024-03-14 13:51:49,0,0,0,0,,CI
laravel/laravel,v11.0.2,2024-03-13 16:42:47,2024-03-13 16:43:46,0,0,0,0,,CI
laravel/laravel,v11.0.1,2024-03-12 14:47:30,2024-03-13 16:42:46,1,0,0,0,,CI
laravel/laravel,v11.0.0,2024-02-13 17:08:43,2024-03-12 14:47:29,27,0,0,0,,CI
laravel/laravel,v10.3.3,2024-01-09 18:22:23,2024-02-13 17:08:42,34,0,0,0,,CI
laravel/laravel,v10.3.2,2023-12-27 14:41:39,2024-01-09 18:22:22,13,0,0,0,,CI
laravel/laravel,v10.3.1,2023-12-19 15:18:00,2023-12-27 14:41:38,7,0,0,0,,CI
laravel/laravel,v10.3.0,2023-12-05 19:45:37,2023-12-19 15:17:59,13,0,0,0,,CI
laravel/laravel,v10.2.10,2023-11-14 18:49:53,2023-12-05 19:45:36,21,0,0,0,,CI
laravel/laravel,v10.2.9,2023-11-02 13:48:58,2023-11-14 18:49:52,12,0,0,0,,CI
laravel/laravel,v10.2.8,2023-10-31 15:25:21,2023-11-02 13:48:57,1,0,0,0,,CI
laravel/laravel,v10.2.7,2023-08-15 15:27:17,2023-10-31 15:25:20,76,0,0,0,,CI
laravel/laravel,v10.2.6,2023-07-11 14:38:20,2023-08-15 15:27:16,35,0,0,0,,CI
laravel/laravel,v10.2.5,2023-06-20 15:53:31,2023-07-11 14:38:19,20,0,0,0,,CI
laravel/laravel,v10.2.4,2023-06-06 14:53:42,2023-06-20 15:53:30,14,0,0,0,,CI
laravel/laravel,v10.2.3,2023-05-24 13:24:09,2023-06-06 14:53:41,13,0,0,0,,CI
laravel/laravel,v10.2.2,2023-05-16 15:38:33,2023-05-24 13:24:08,7,0,0,0,,CI
laravel/laravel,v10.2.1,2023-05-09 14:24:29,2023-05-16 15:38:32,7,0,0,0,,CI
laravel/laravel,v10.2.0,2023-04-18 16:21:46,2023-05-09 14:24:28,20,0,0,0,,CI
laravel/laravel,v10.1.1,2023-04-18 14:05:28,2023-04-18 16:21:45,0,0,0,0,,CI
laravel/laravel,v10.0.7,2023-04-18 14:05:04,2023-04-18 14:05:27,0,0,0,0,,CI
laravel/laravel,v10.1.0,2023-04-11 16:36:03,2023-04-18 14:05:03,6,0,0,0,,CI
laravel/laravel,v10.0.6,2023-03-28 18:05:06,2023-04-11 16:36:02,13,0,0,0,,CI
laravel/laravel,v10.0.5,2023-03-02 16:19:13,2023-03-28 18:05:05,26,0,0,0,,CI
laravel/laravel,v10.0.4,2023-02-21 15:34:59,2023-03-02 16:19:12,9,0,0,0,,CI
laravel/laravel,v10.0.3,2023-02-16 19:39:53,2023-02-21 15:34:58,4,0,0,0,,CI
laravel/laravel,v10.0.2,2023-02-16 10:03:38,2023-02-16 19:39:52,0,0,0,0,,CI
laravel/laravel,v10.0.1,2023-02-14 15:35:07,2023-02-16 10:03:37,1,0,0,0,,CI
laravel/laravel,v10.0.0,2023-01-31 15:10:32,2023-02-14 15:35:06,14,0,0,0,,CI
laravel/laravel,v9.5.2,2023-01-17 16:27:35,2023-01-31 15:10:31,13,0,0,0,,CI
laravel/laravel,v9.5.1,2023-01-03 17:19:51,2023-01-17 16:27:34,13,0,0,0,,CI
laravel/laravel,v9.5.0,2022-12-20 17:15:03,2023-01-03 17:19:50,14,0,0,0,,CI
laravel/laravel,v9.4.1,2022-12-15 14:58:11,2022-12-20 17:15:02,5,0,0,0,,CI
laravel/laravel,v9.4.0,2022-11-22 16:33:30,2022-12-15 14:58:10,22,0,0,0,,CI
laravel/laravel,v9.3.12,2022-11-15 17:07:13,2022-11-22 16:33:29,6,0,0,0,,CI
laravel/laravel,v9.3.11,2022-11-01 17:24:30,2022-11-15 17:07:12,13,0,0,0,,CI
laravel/laravel,v9.3.10,2022-10-25 16:28:55,2022-11-01 17:24:29,7,0,0,0,,CI
laravel/laravel,v9.3.9,2022-09-20 14:59:28,2022-10-25 16:28:54,35,0,0,0,,CI
laravel/laravel,v9.3.8,2022-09-06 15:58:03,2022-09-20 14:59:27,13,0,0,0,,CI
laravel/laravel,v9.3.7,2022-08-30 15:22:59,2022-09-06 15:58:02,7,0,0,0,,CI
laravel/laravel,v9.3.6,2022-08-23 15:03:30,2022-08-30 15:22:58,7,0,0,0,,CI
laravel/laravel,v9.3.5,2022-08-16 15:06:14,2022-08-23 15:03:29,6,0,0,0,,CI
laravel/laravel,v9.3.4,2022-08-09 15:36:15,2022-08-16 15:06:13,6,0,0,0,,CI
laravel/laravel,v9.3.3,2022-08-02 15:05:46,2022-08-09 15:36:14,7,0,0,0,,CI
laravel/laravel,v9.3.2,2022-07-26 15:26:33,2022-08-02 15:05:45,6,0,0,0,,CI
laravel/laravel,v9.3.1,2022-07-19 14:22:32,2022-07-26 15:26:32,7,0,0,0,,CI
laravel/laravel,v9.3.0,2022-07-13 14:22:41,2022-07-19 14:22:31,5,0,0,0,,CI
laravel/laravel,v9.2.1,2022-06-28 14:37:15,2022-07-13 14:22:40,14,0,0,0,,CI
laravel/laravel,v9.2.0,2022-06-07 15:19:52,2022-06-28 14:37:14,20,0,0,0,,CI
laravel/laravel,v9.1.10,2022-05-31 15:19:33,2022-06-07 15:19:51,7,0,0,0,,CI
laravel/laravel,v9.1.9,2022-05-10 15:37:44,2022-05-31 15:19:32,20,0,0,0,,CI
laravel/laravel,v9.1.8,2022-05-03 15:52:12,2022-05-10 15:37:43,6,0,0,0,,CI
laravel/laravel,v9.1.7,2022-04-27 13:42:25,2022-05-03 15:52:11,6,0,0,0,,CI
laravel/laravel,v9.1.6,2022-04-12 15:23:28,2022-04-27 13:42:24,14,0,0,0,,CI
laravel/laravel,v9.1.5,2022-04-12 15:08:48,2022-04-12 15:23:27,0,0,0,0,,CI
laravel/laravel,v8.6.12,2022-04-05 15:28:24,2022-04-12 15:08:47,6,0,0,0,,CI
laravel/laravel,v9.1.4,2022-03-29 14:52:16,2022-04-05 15:28:23,7,0,0,0,,CI
laravel/laravel,v9.1.3,2022-03-15 15:58:20,2022-03-29 14:52:15,13,0,0,0,,CI
laravel/laravel,v9.1.2,2022-03-08 16:29:20,2022-03-15 15:58:19,6,0,0,0,,CI
laravel/laravel,v9.1.1,2022-02-22 16:06:12,2022-03-08 16:29:19,14,0,0,0,,CI
laravel/laravel,v9.1.0,2022-02-15 18:07:16,2022-02-22 16:06:11,6,0,0,0,,CI
laravel/laravel,v9.0.1,2022-02-08 16:08:27,2022-02-15 18:07:15,7,0,0,0,,CI
laravel/laravel,v8.6.11,2022-02-08 15:53:34,2022-02-08 16:08:26,0,0,0,0,,CI
laravel/laravel,v9.0.0,2021-12-22 10:07:43,2022-02-08 15:53:33,48,0,0,0,,CI
laravel/laravel,v8.6.10,2021-12-07 16:10:53,2021-12-22 10:07:42,14,0,0,0,,CI
laravel/laravel,v8.6.9,2021-11-23 17:31:09,2021-12-07 16:10:52,13,0,0,0,,CI
laravel/laravel,v8.6.8,2021-11-16 16:49:45,2021-11-23 17:31:08,7,0,0,0,,CI
laravel/laravel,v8.6.7,2021-11-09 17:29:43,2021-11-16 16:49:44,6,0,0,0,,CI
laravel/laravel,v8.6.6,2021-10-26 15:21:11,2021-11-09 17:29:42,14,0,0,0,,CI
laravel/laravel,v8.6.5,2021-10-20 13:16:11,2021-10-26 15:21:10,6,0,0,0,,CI
laravel/laravel,v8.6.4,2021-10-05 18:44:55,2021-10-20 13:16:10,14,0,0,0,,CI
laravel/laravel,v8.6.3,2021-09-07 14:34:05,2021-10-05 18:44:54,28,0,0,0,,CI
laravel/laravel,v8.6.2,2021-08-24 16:00:06,2021-09-07 14:34:04,13,0,0,0,,CI
laravel/laravel,v8.6.1,2021-08-17 15:56:35,2021-08-24 16:00:05,7,0,0,0,,CI
laravel/laravel,v8.6.0,2021-08-10 17:27:26,2021-08-17 15:56:34,6,0,0,0,,CI
laravel/laravel,v8.5.24,2021-08-03 18:12:33,2021-08-10 17:27:25,6,0,0,0,,CI
laravel/laravel,v8.5.23,2021-07-13 14:13:12,2021-08-03 18:12:32,21,0,0,0,,CI
laravel/laravel,v8.5.22,2021-07-06 16:47:40,2021-07-13 14:13:11,6,0,0,0,,CI
laravel/laravel,v8.5.21,2021-06-15 15:49:15,2021-07-06 16:47:39,21,0,0,0,,CI
laravel/laravel,v8.5.20,2021-06-01 15:49:44,2021-06-15 15:49:14,13,0,0,0,,CI
laravel/laravel,v8.5.19,2021-05-18 15:37:46,2021-06-01 15:49:43,14,0,0,0,,CI
laravel/laravel,v8.5.18,2021-05-11 20:49:50,2021-05-18 15:37:45,6,0,0,0,,CI
laravel/laravel,v8.5.17,2021-05-11 20:48:14,2021-05-11 20:49:49,0,0,0,0,,CI
laravel/laravel,v6.20.1,2021-04-20 16:13:29,2021-05-11 20:48:13,21,0,0,0,,CI
laravel/laravel,v8.5.16,2021-03-23 17:25:33,2021-04-20 16:13:28,27,0,0,0,,CI
laravel/laravel,v8.5.15,2021-03-16 16:26:42,2021-03-23 17:25:32,7,0,0,0,,CI
laravel/laravel,v8.5.14,2021-03-09 19:10:06,2021-03-16 16:26:41,6,0,0,0,,CI
laravel/laravel,v8.5.13,2021-03-02 16:36:36,2021-03-09 19:10:05,7,0,0,0,,CI
laravel/laravel,v8.5.12,2021-02-23 20:43:28,2021-03-02 16:36:35,6,0,0,0,,CI
laravel/laravel,v8.5.11,2021-02-16 16:59:26,2021-02-23 20:43:27,7,0,0,0,,CI
laravel/laravel,v8.5.10,2021-01-19 15:21:29,2021-02-16 16:59:25,28,0,0,0,,CI
laravel/laravel,v8.5.9,2021-01-12 17:40:24,2021-01-19 15:21:28,6,0,0,0,,CI
laravel/laravel,v8.5.8,2021-01-05 15:48:56,2021-01-12 17:40:23,7,0,0,0,,CI
laravel/laravel,v8.5.7,2020-12-22 17:08:14,2021-01-05 15:48:55,13,0,0,0,,CI
laravel/laravel,v8.5.6,2020-12-15 13:17:46,2020-12-22 17:08:13,7,0,0,0,,CI
laravel/laravel,v8.5.5,2020-12-15 13:16:40,2020-12-15 13:17:45,0,0,0,0,,CI
laravel/laravel,v8.5.4,2020-12-15 13:15:11,2020-12-15 13:16:39,0,0,0,0,,CI
laravel/laravel,v8.5.3,2020-12-15 13:14:15,2020-12-15 13:15:10,0,0,0,0,,CI
laravel/laravel,v8.5.2,2020-12-15 13:13:39,2020-12-15 13:14:14,0,0,0,0,,CI
laravel/laravel,v8.5.1,2020-12-15 13:12:50,2020-12-15 13:13:38,0,0,0,0,,CI
laravel/laravel,v8.5.0,2020-12-01 15:30:32,2020-12-15 13:12:49,13,0,0,0,,CI
laravel/laravel,v8.4.4,2020-11-24 17:20:55,2020-12-01 15:30:31,6,0,0,0,,CI
laravel/laravel,v8.4.3,2020-11-17 16:40:43,2020-11-24 17:20:54,7,0,0,0,,CI
laravel/laravel,v8.4.2,2020-11-10 14:58:16,2020-11-17 16:40:42,7,0,0,0,,CI
laravel/laravel,v8.4.1,2020-10-31 09:19:21,2020-11-10 14:58:15,10,0,0,0,,CI
laravel/laravel,v7.30.1,2020-10-30 15:08:29,2020-10-31 09:19:20,0,0,0,0,,CI
laravel/laravel,v8.4.0,2020-10-30 15:04:18,2020-10-30 15:08:28,0,0,0,0,,CI
laravel/laravel,v7.30.0,2020-10-30 14:41:17,2020-10-30 15:04:17,0,0,0,0,,CI
laravel/laravel,v6.20.0,2020-10-29 13:34:48,2020-10-30 14:41:16,1,0,0,0,,CI
laravel/laravel,v8.3.0,2020-10-29 13:26:46,2020-10-29 13:34:47,0,0,0,0,,CI
laravel/laravel,v7.29.0,2020-10-29 13:20:45,2020-10-29 13:26:45,0,0,0,0,,CI
laravel/laravel,v6.19.0,2020-10-20 18:34:24,2020-10-29 13:20:44,8,0,0,0,,CI
laravel/laravel,v8.2.0,2020-10-06 16:12:07,2020-10-20 18:34:23,14,0,0,0,,CI
laravel/laravel,v8.1.0,2020-09-29 17:55:54,2020-10-06 16:12:06,6,0,0,0,,CI
laravel/laravel,v8.0.3,2020-09-29 17:55:42,2020-09-29 17:55:53,0,0,0,0,,CI
laravel/laravel,v8.0.2,2020-09-21 16:13:02,2020-09-29 17:55:41,8,0,0,0,,CI
laravel/laravel,v8.0.1,2020-09-21 16:11:30,2020-09-21 16:13:01,0,0,0,0,,CI
laravel/laravel,v8.0.0,2020-09-21 15:59:31,2020-09-21 16:11:29,0,0,0,0,,CI
laravel/laravel,v7.28.0,2020-08-11 17:46:19,2020-09-21 15:59:30,40,0,0,0,,CI
laravel/laravel,v7.25.0,2020-08-11 17:37:37,2020-08-11 17:46:18,0,0,0,0,,CI
laravel/laravel,v7.12.0,2020-08-11 17:32:53,2020-08-11 17:37:36,0,0,0,0,,CI
laravel/laravel,v7.6.0,2020-08-11 17:18:35,2020-08-11 17:32:52,0,0,0,0,,CI
laravel/laravel,v6.18.35,2020-04-16 07:46:16,2020-08-11 17:18:34,117,0,0,0,,CI
laravel/laravel,v6.18.8,2020-03-24 17:32:10,2020-04-16 07:46:15,22,0,0,0,,CI
laravel/laravel,v7.3.0,2020-03-24 17:26:57,2020-03-24 17:32:09,0,0,0,0,,CI
laravel/laravel,v6.18.3,2020-03-03 19:43:39,2020-03-24 17:26:56,20,0,0,0,,CI
laravel/laravel,v7.0.0,2020-03-03 17:16:39,2020-03-03 19:43:38,0,0,0,0,,CI
laravel/laravel,v6.18.0,2020-03-03 17:16:21,2020-03-03 17:16:38,0,0,0,0,,CI
laravel/laravel,v6.12.0,2020-01-09 11:41:48,2020-03-03 17:16:20,54,0,0,0,,CI
laravel/laravel,v6.8.0,2019-11-21 17:30:22,2020-01-09 11:41:47,48,0,0,0,,CI
laravel/laravel,v6.5.2,2019-11-21 17:27:10,2019-11-21 17:30:21,0,0,0,0,,CI
laravel/laravel,v6.4.0,2019-10-08 16:38:33,2019-11-21 17:27:09,44,0,0,0,,CI
laravel/laravel,v6.2.0,2019-10-08 12:52:15,2019-10-08 16:38:32,0,0,0,0,,CI
laravel/laravel,v6.0.2,2019-09-09 16:40:03,2019-10-08 12:52:14,28,0,0,0,,CI
laravel/laravel,v6.0.1,2019-09-09 16:39:47,2019-09-09 16:40:02,0,0,0,0,,CI
laravel/laravel,v6.0.0,2019-09-09 16:27:25,2019-09-09 16:39:46,0,0,0,0,,CI
laravel/laravel,v5.8.35,2019-09-09 16:21:20,2019-09-09 16:27:24,0,0,0,0,,CI
laravel/laravel,v5.8.17,2019-05-07 15:20:57,2019-09-09 16:21:19,125,0,0,0,,CI
laravel/laravel,v5.8.16,2019-03-05 14:12:56,2019-05-07 15:20:56,63,0,0,0,,CI
laravel/laravel,v5.8.3,2019-02-26 17:02:12,2019-03-05 14:12:55,6,0,0,0,,CI
laravel/laravel,v5.8.0,2019-02-26 16:40:48,2019-02-26 17:02:11,0,0,0,0,,CI
laravel/laravel,v5.7.28,2018-12-20 13:56:20,2019-02-26 16:40:47,68,0,0,0,,CI
laravel/laravel,v5.7.19,2018-11-30 10:40:49,2018-12-20 13:56:19,20,0,0,0,,CI
laravel/laravel,v5.7.15,2018-11-30 10:40:17,2018-11-30 10:40:48,0,0,0,0,,CI
laravel/laravel,v5.7.13,2018-11-29 17:27:45,2018-11-30 10:40:16,0,0,0,0,,CI
laravel/laravel,v5.7.0,2018-11-29 17:27:02,2018-11-29 17:27:44,0,0,0,0,,CI
laravel/laravel,v5.6.33,2018-11-29 17:26:15,2018-11-29 17:27:01,0,0,0,0,,CI
laravel/laravel,v5.6.21,2018-05-08 15:39:20,2018-11-29 17:26:14,205,0,0,0,,CI
laravel/laravel,v5.6.12,2018-05-08 15:33:59,2018-05-08 15:39:19,0,0,0,0,,CI
laravel/laravel,v5.6.7,2018-02-07 17:29:07,2018-05-08 15:33:58,89,0,0,0,,CI
laravel/laravel,v5.6.0,2018-02-07 16:30:03,2018-02-07 17:29:06,0,0,0,0,,CI
laravel/laravel,v5.5.28,2018-02-07 16:29:49,2018-02-07 16:30:02,0,0,0,0,,CI
laravel/laravel,v5.5.22,2017-09-06 02:20:18,2018-02-07 16:29:48,154,0,0,0,,CI
laravel/laravel,v5.5.0,2017-07-21 03:18:44,2017-09-06 02:20:17,46,0,0,0,,CI
laravel/laravel,v5.4.30,2017-05-14 15:14:21,2017-07-21 03:18:43,67,0,0,0,,CI
laravel/laravel,v5.4.23,2017-05-14 15:05:52,2017-05-14 15:14:20,0,0,0,0,,CI
laravel/laravel,v5.4.21,2017-05-14 14:59:10,2017-05-14 15:05:51,0,0,0,0,,CI
laravel/laravel,v5.4.19,2017-05-14 14:56:29,2017-05-14 14:59:09,0,0,0,0,,CI
laravel/laravel,v5.4.16,2017-03-17 18:04:12,2017-05-14 14:56:28,57,0,0,0,,CI
